,Unnamed: 0,_id,similarity,ltable_id,rtable_id,ltable_title,ltable_release_day,ltable_release_year,ltable_esrb,ltable_genre,ltable_publisher,ltable_developer,rtable_title,rtable_release_day,rtable_release_year,rtable_esrb,rtable_genre,rtable_publisher,rtable_developer
0,43,43,0.7272727272727273,1099,779,The Sims 3: Ambitions,June 29,2010,T,Simulation,Electronic Arts,The Sims Studio,The Sims 3: World Adventures,Nov 16,2009,T,Simulation,Electronic Arts,The Sims Studio
1,49,49,0.7272727272727273,1665,779,The Sims 3: Pets,October 18,2011,T,Simulation,Electronic Arts,The Sims Studio,The Sims 3: World Adventures,Nov 16,2009,T,Simulation,Electronic Arts,The Sims Studio
2,58,58,0.7272727272727273,852,1166,The Sims 3: World Adventures,November 17,2009,T,Simulation,Electronic Arts,The Sims Studio,The Sims 3: Pets,Oct 18,2011,T,Simulation,Electronic Arts,The Sims Studio
3,59,59,0.7272727272727273,354,1837,The Sims 3 (Collector's Edition),June 2,2009,T,Simulation,Electronic Arts,The Sims Studio,The Sims 3 Supernatural,Sep  4,2012,T,Simulation,Electronic Arts,The Sims Studio
4,61,61,0.7272727272727273,1738,2892,The Sims 3: Late Night,October 26,2010,T,Simulation,Electronic Arts,The Sims Studio,The Sims 3: Showtime,Mar  6,2012,T,Simulation,Electronic Arts,The Sims Studio
5,83,83,0.7,2021,1481,The Sims 3: Generations,May 31,2011,T,Simulation,Electronic Arts,The Sims Studio,The Sims Medieval,Mar 22,2011,T,Simulation,Electronic Arts,The Sims Studio
6,89,89,0.7,1337,2825,Fallout 4: Nuka World,August 29,2016,M,RPG,Bethesda  Softworks,Bethesda Game Studios,Fallout 4: Automatron,Mar 22,2016,M,Role-Playing,Bethesda Softworks,Bethesda Game Studios
7,94,94,0.7,729,75,Fallout 3 -- Broken Steel,May 5,2009,M,Action,Bethesda  Softworks,Bethesda Game Studios,Fallout 3,Oct 28,2008,M,Role-Playing,Bethesda Softworks,Bethesda Game Studios
8,156,156,0.6666666666666666,59,84,Call of Duty 4: Modern Warfare,November 5,2007,M,Shooter,Activision,Infinity Ward,Call of Duty,Oct 29,2003,T,Action,Activision,Infinity Ward
9,164,164,0.6666666666666666,1143,1941,Costume Quest,October 14,2011,E10+,RPG,Double Fine Productions,Double Fine Productions,Headlander,Jul 26,2016,T,Action,Double Fine Productions,Double Fine Productions
10,173,173,0.6666666666666666,2678,524,Defiance,April 2,2013,M,Action,Trion Worlds,Trion Worlds,Rift,Mar  1,2011,T,Role-Playing,Trion Worlds,Trion Worlds
11,179,179,0.6666666666666666,1525,2951,The Path,March 18,2009,,Action,Tale of Tales,Tale of Tales,Sunset,May 21,2015,,Modern,Tale of Tales,Tale of Tales
12,184,184,0.6666666666666666,2380,2050,KickBeat,January 20,2014,T,Music,Zen Studios,Zen Studios,CastleStorm,Jul 29,2013,T,Strategy,Zen Studios,Zen Studios
13,190,190,0.6666666666666666,17,165,Rayman Origins,March 29,2012,E10+,Platformer,Ubisoft,Ubisoft Montpellier,Rayman Legends,Sep  3,2013,E10+,Action,Ubisoft,Ubisoft Montpellier
14,199,199,0.6363636363636364,354,1481,The Sims 3 (Collector's Edition),June 2,2009,T,Simulation,Electronic Arts,The Sims Studio,The Sims Medieval,Mar 22,2011,T,Simulation,Electronic Arts,The Sims Studio
15,203,203,0.6363636363636364,3200,3599,Industry Giant,Jan 1,2001,E,Strategy,JoWooD Entertainment AG,JoWooD Entertainment AG,Maximum Capacity: Hotel Giant,Jun 24,2002,T,Strategy,JoWooD Entertainment AG,JoWooD Entertainment AG
16,241,241,0.625,1679,1279,Penumbra: Requiem,August 27,2008,M,Action,Paradox  Interactive,Frictional Games,Penumbra: Black Plague,Feb 13,2008,M,Action Adventure,Paradox Interactive,Frictional Games
17,262,262,0.625,871,2495,The Sims 2: FreeTime,February 28,2008,T,Simulation,Electronic Arts,Maxis,The Sims 4,Sep  2,2014,T,Virtual Life Games,Electronic Arts,Maxis
18,270,270,0.625,1852,1297,The Sims Online,Dec 17,2002,T,Simulation,Electronic Arts,Maxis,The Sims 2 Seasons,Feb 27,2007,T,Miscellaneous,Electronic Arts,Maxis
19,281,281,0.625,22,2919,The Sims,Feb 4,2000,T,Simulation,Electronic Arts,Maxis,The Sims 4: Outdoor Retreat,Jan 13,2015,T,Simulation,Electronic Arts,Maxis
20,289,289,0.625,1572,447,Doom 3: BFG Edition,October 16,2012,RP-M+,RPG,Bethesda  Softworks,Id Software,DOOM,May 13,2016,M,Sci-Fi,Bethesda Softworks,id Software
21,313,313,0.6153846153846154,1623,1789,The Sims 3: Seasons,November 13,2012,T,Simulation,Electronic Arts,The Sims Studio,The Sims 3: Late Night Expansion Pack,Oct 26,2010,T,Simulation,Electronic Arts,The Sims Studio
22,319,319,0.6153846153846154,807,1991,Final Fantasy XI: Treasures of Aht Urhgan,April 18,2006,T,RPG,Square Enix,Square Enix,Final Fantasy XI: Chains of Promathia,Sep 21,2004,T,Role-Playing,Square Enix,Square Enix
23,323,323,0.6153846153846154,3048,1789,The Sims 3: Supernatural,September 4,2012,T,Simulation,Electronic Arts,The Sims Studio,The Sims 3: Late Night Expansion Pack,Oct 26,2010,T,Simulation,Electronic Arts,The Sims Studio
24,335,335,0.6,2013,3208,Darkspore,April 26,2011,T,Action,Electronic Arts,Maxis,SimCity,Mar  5,2013,E10+,Miscellaneous,Electronic Arts,Maxis
25,345,345,0.6,1143,2066,Costume Quest,October 14,2011,E10+,RPG,Double Fine Productions,Double Fine Productions,Massive Chalice,Jun  1,2015,T,Strategy,Double Fine Productions,Double Fine Productions
26,363,363,0.6,89,1941,Grim Fandango Remastered,January 27,2015,T,Adventure,Double Fine Productions,Double Fine Productions,Headlander,Jul 26,2016,T,Action,Double Fine Productions,Double Fine Productions
27,369,369,0.6,1257,1631,Poker Night at the Inventory,November 22,2010,,Card,Telltale Games,Telltale Games,Poker Night 2,Apr 26,2013,M,Miscellaneous,Telltale Games,Telltale Games
28,379,379,0.6,2326,2831,BlackSite: Area 51,November 12,2007,T,Shooter,Midway  Games,Midway Studios -- Austin,Area 51,Jun  8,2005,M,Action,Midway,Midway Studios - Austin
29,383,383,0.6,158,31,World of Warcraft,November 22,2004,T,RPG,Blizzard Entertainment,Blizzard Entertainment,Warcraft III: Reign of Chaos,Jul  3,2002,T,Strategy,Blizzard Entertainment,Blizzard Entertainment
30,412,412,0.6,426,152,FIFA 2001: Major League Soccer,Oct 31,2000,E,Sports,Electronic Arts,Electronic Arts,FIFA Soccer 12,Sep 27,2011,E,Sports,Electronic Arts,Electronic Arts
31,424,424,0.6,931,75,Fallout 4: Vault-Tec Workshop,July 26,2016,M,RPG,Bethesda  Softworks,Bethesda Game Studios,Fallout 3,Oct 28,2008,M,Role-Playing,Bethesda Softworks,Bethesda Game Studios
32,435,435,0.5833333333333334,964,580,EverQuest II: Desert of Flames,September 12,2005,T,RPG,Sony Online Entertainment,Sony Online Entertainment,EverQuest II,Nov  8,2004,T,Role-Playing,Sony Online Entertainment,Sony Online Entertainment
33,442,442,0.5833333333333334,1880,3599,Industry Giant II,Summer ,2002,E,Simulation,JoWooD Entertainment AG,JoWooD Entertainment AG,Maximum Capacity: Hotel Giant,Jun 24,2002,T,Strategy,JoWooD Entertainment AG,JoWooD Entertainment AG
34,458,458,0.5833333333333334,1076,1946,Sherlock Holmes Versus Jack the Ripper,May 22,2009,T,Adventure,Focus Home Interactive,Frogwares,The Testament of Sherlock Holmes,Sep 25,2012,M,Adventure,Focus Home Interactive,Frogwares
35,466,466,0.5789473684210527,1318,675,Tales of Monkey Island -- Chapter 2: The Siege of Spinner Cay,August 20,2009,E10+,Adventure,Telltale Games,Telltale Games,Tales of Monkey Island Chapter 3: Lair of the Leviathan,Sep 29,2009,E10+,Adventure,Telltale Games,Telltale Games
36,471,471,0.5714285714285714,247,52,World of Warcraft: Warlords of Draenor,November 13,2014,,RPG,Blizzard Entertainment,Blizzard Entertainment,World of Warcraft: Wrath of the Lich King,Nov 13,2008,T,Role-Playing,Blizzard Entertainment,Blizzard Entertainment
37,473,473,0.5714285714285714,1816,2756,Nancy Drew: Ransom of the Seven Ships,July 14,2009,E,Adventure,Her Interactive,Her Interactive,Nancy Drew: The Creature of Kapu Cave,Oct 19,2006,E,Adventure,Her Interactive,Her Interactive
38,476,476,0.5714285714285714,274,271,World of Warcraft: Wrath of the Lich King,November 13,2008,T,RPG,Blizzard Entertainment,Blizzard Entertainment,World of Warcraft: Warlords of Draenor,Nov 13,2014,T,Role-Playing,Blizzard Entertainment,Blizzard Entertainment
39,478,478,0.5714285714285714,363,2642,Praetorians,March 11,2003,T,Strategy,Eidos Interactive,Pyro Studios,Imperial Glory,May 17,2005,T,Strategy,Eidos Interactive,Pyro Studios
40,494,494,0.5714285714285714,1017,982,Machinarium,October 16,2009,E10+,Adventure,Amanita Design,Amanita Design,Samorost 3,Mar 24,2016,,Adventure Games,Amanita Design,Amanita Design
41,503,503,0.5714285714285714,1816,796,Nancy Drew: Ransom of the Seven Ships,July 14,2009,E,Adventure,Her Interactive,Her Interactive,Nancy Drew: The Haunting of Castle Malloy,Oct 16,2008,E,Adventure,Her Interactive,Her Interactive
42,507,507,0.5714285714285714,2997,1896,Tharsis,January 11,2016,M,Strategy,Gaijin Games,Gaijin Games,Bit.Trip Fate,Jul 11,2013,,Action,Gaijin Games,Gaijin Games
43,522,522,0.5714285714285714,55,1439,Deus Ex,Jun 22,2000,M,RPG,Eidos Interactive,Ion Storm,Anachronox,Jun 27,2001,T,Role-Playing,Eidos Interactive,Ion Storm
44,533,533,0.5714285714285714,1816,1053,Nancy Drew: Ransom of the Seven Ships,July 14,2009,E,Adventure,Her Interactive,Her Interactive,Nancy Drew: Secret of the Old Clock,Jul 26,2005,E,Adventure,Her Interactive,Her Interactive
45,542,542,0.5714285714285714,2071,1321,Nancy Drew: The Phantom of Venice,July 8,2008,E,Adventure,Her Interactive,Her Interactive,Nancy Drew: The Ransom of the Seven Ships,Jul 14,2009,E,Adventure,Her Interactive,Her Interactive
46,549,549,0.5555555555555556,64,2209,The Sims 2,September 14,2004,T,Simulation,Electronic Arts,Maxis,The Sims 4: Get Together,Dec  8,2015,T,Simulation,Electronic Arts,Maxis
47,559,559,0.5555555555555556,318,3215,Sid Meier's Civilization V,September 21,2010,E10+,Strategy,2K Games,Firaxis,Sid Meier's Starships,Mar 12,2015,,Strategy,2K Games,Firaxis Games
48,570,570,0.5555555555555556,18,671,Empire: Total War,March 3,2009,T,Strategy,SEGA,Creative Assembly,Rome: Total War Barbarian Invasion,Sep 27,2005,T,Strategy,Sega,Creative Assembly
49,611,611,0.5555555555555556,64,2919,The Sims 2,September 14,2004,T,Simulation,Electronic Arts,Maxis,The Sims 4: Outdoor Retreat,Jan 13,2015,T,Simulation,Electronic Arts,Maxis
50,623,623,0.5555555555555556,22,2042,The Sims,Feb 4,2000,T,Simulation,Electronic Arts,Maxis,The Sims 4: Get to Work,Mar 31,2015,T,Simulation,Electronic Arts,Maxis
51,630,630,0.5555555555555556,573,1640,FIFA Soccer 2005,October 12,2004,E,Sports,Electronic Arts,Electronic Arts,FIFA Manager 11,Nov  3,2010,E,Sports,Electronic Arts,Electronic Arts
52,640,640,0.55,855,1102,Tales of Monkey Island -- Chapter 5: Rise of the Pirate God,December 8,2009,E10+,Adventure,Telltale Games,Telltale Games,Tales of Monkey Island Chapter 1: Launch of the Screaming Narwhal,Jul  7,2009,E10+,Adventure,Telltale Games,Telltale Games
53,641,641,0.55,1318,810,Tales of Monkey Island -- Chapter 2: The Siege of Spinner Cay,August 20,2009,E10+,Adventure,Telltale Games,Telltale Games,Tales of Monkey Island Chapter 5: Rise of the Pirate God,Dec  8,2009,E10+,Adventure,Telltale Games,Telltale Games
54,648,648,0.5454545454545454,296,1941,Broken Age: Act 2,Q1 ,2015,E10+,Adventure,Double Fine Productions,Double Fine Productions,Headlander,Jul 26,2016,T,Action,Double Fine Productions,Double Fine Productions
55,657,657,0.5454545454545454,1105,636,Prince of Persia: The Forgotten Sands,May 18,2010,T,Action,Ubisoft,Ubisoft Montreal,Prince of Persia: Warrior Within,Nov 30,2004,M,Action Adventure,Ubisoft,Ubisoft Montreal
56,658,658,0.5454545454545454,2375,670,Dragon Age: Origins -- Darkspawn Chronicles,May 18,2010,M,RPG,Electronic Arts,BioWare,Dragon Age: Origins - Awakening,Mar 16,2010,M,Role-Playing,Electronic Arts,BioWare
57,671,671,0.5454545454545454,175,2330,Mass Effect 2: Overlord,June 15,2010,M,RPG,Electronic Arts,BioWare,Mass Effect 2: Kasumi - Stolen Memory,Apr  6,2010,M,Role-Playing,Electronic Arts,BioWare
58,680,680,0.5454545454545454,2042,463,DC Universe Online,January 11,2011,T,RPG,Sony Online Entertainment,Sony Online Entertainment,PlanetSide 2,Nov 20,2012,T,Role-Playing,Sony Online Entertainment,Sony Online Entertainment
59,687,687,0.5454545454545454,602,519,Fallout 3 -- Point Lookout,June 23,2009,M,Action,Bethesda  Softworks,Bethesda Game Studios,Fallout 4,Nov 10,2015,M,General,Bethesda Softworks,Bethesda Game Studios
60,689,689,0.5454545454545454,729,519,Fallout 3 -- Broken Steel,May 5,2009,M,Action,Bethesda  Softworks,Bethesda Game Studios,Fallout 4,Nov 10,2015,M,General,Bethesda Softworks,Bethesda Game Studios
61,734,734,0.5454545454545454,2200,2312,Wildlife Park,Dec 8,2003,E,Simulation,JoWooD Entertainment AG,JoWooD Entertainment AG,Industry Giant II,Aug 30,2002,E,Strategy,JoWooD Entertainment AG,JoWooD Entertainment AG
62,746,746,0.5384615384615384,476,515,Day of the Tentacle: Remastered,March 22,2016,T,Adventure,Double Fine Productions,Double Fine Productions,Grim Fandango Remastered,Jan 27,2015,,Adventure,Double Fine Productions,Double Fine Productions
63,755,755,0.5384615384615384,1068,1790,The Sims 2: Bon Voyage,September 4,2007,T,Simulation,Electronic Arts,EA Redwood Shores Studio,The Sims 3: Ambitions,Jun  1,2010,T,Simulation,Electronic Arts,EA Redwood Shores
64,757,757,0.5384615384615384,1751,120,Command & Conquer: Tiberian Sun -- Firestorm,Mar 8,2000,T,Strategy,Westwood Studios,Westwood Studios,Command & Conquer: Red Alert,Oct 31,1996,T,Strategy,Westwood Studios,Westwood Studios
65,774,774,0.5384615384615384,465,720,World of Warcraft: The Burning Crusade,January 16,2007,T,RPG,Blizzard Entertainment,Blizzard Entertainment,World of Warcraft: Mists of Pandaria,Sep 25,2012,T,Massively Multiplayer,Blizzard Entertainment,Blizzard Entertainment
66,785,785,0.5384615384615384,2082,3098,Fallout 3 -- Mothership Zeta,August 3,2009,M,Action,Bethesda  Softworks,Bethesda Game Studios,Fallout 3 - Operation: Anchorage,Jan 27,2009,M,Role-Playing,Bethesda Softworks,Bethesda Game Studios
67,795,795,0.5238095238095238,1902,675,Tales of Monkey Island -- Chapter 4: The Trial and Execution of Guybrush Threepwood,October 7,2009,E10+,Adventure,Telltale Games,Telltale Games,Tales of Monkey Island Chapter 3: Lair of the Leviathan,Sep 29,2009,E10+,Adventure,Telltale Games,Telltale Games
68,798,798,0.5,268,1227,Left 4 Dead,November 17,2008,M,Shooter,Electronic Arts,Valve,Left 4 Dead: Crash Course,Sep 29,2009,M,Action,Electronic Arts,Valve Software
69,810,810,0.5,84,743,Child of Light,April 30,2014,E10+,RPG,Ubisoft,Ubisoft Montreal,Prince of Persia,Dec  9,2008,T,Action Adventure,Ubisoft,Ubisoft Montreal
70,815,815,0.5,1565,3847,Crusader Kings,September 28,2004,E,Strategy,Paradox  Interactive,Paradox  Interactive,Dark Horizon,Oct 13,2008,E10+,Simulation,Paradox Interactive,Paradox Interactive
71,818,818,0.5,75,445,Tony Hawk's Pro Skater 3,Mar 28,2002,T,Sports,Activision,Neversoft Entertainment,Tony Hawk's Underground 2,Oct  4,2004,T,Sports,Activision,Neversoft Entertainment
72,835,835,0.5,432,833,Rome: Total War -- Barbarian Invasion,September 27,2005,T,Strategy,SEGA,Creative Assembly,Napoleon: Total War,Feb 23,2010,T,Strategy,Sega,Creative Assembly
73,848,848,0.5,2212,769,Spacebase DF-9,October 15,2013(EarlyAccess,,Simulation,Double Fine Productions,Double Fine Productions,Broken Age: Act 1,Jan 28,2014,,Adventure Games,Double Fine Productions,Double Fine Productions
74,858,858,0.5,2033,226,Tom Clancy's EndWar,February 24,2009,T,Strategy,Ubisoft,Ubisoft Shanghai,Tom Clancy's Splinter Cell: Pandora Tomorrow,Mar 23,2004,T,Action Adventure,Ubisoft,Ubisoft Shanghai
75,873,873,0.5,1029,1509,Quake 4,October 18,2005,M,Shooter,Activision,Raven Software,Singularity,Jun 29,2010,M,Action,Activision,Raven Software
76,888,888,0.5,405,119,Medieval: Total War,Sep 21,2002,T,Strategy,Activision,Creative Assembly,Empire: Total War,Mar  3,2009,T,Strategy,Sega,Creative Assembly
77,902,902,0.5,1697,712,Fallout: New Vegas -- Honest Hearts,May 17,2011,M,RPG,Bethesda  Softworks,Obsidian Entertainment,Fallout: New Vegas - Old World Blues,Jul 19,2011,M,Role-Playing,Bethesda Softworks,Obsidian Entertainment
78,906,906,0.5,2306,2617,Gumboy Tournament,May 19,2008,,Action,Cinemax,Cinemax,Gumboy Crazy Adventures,Dec 19,2006,,Action,Cinemax,Cinemax
79,928,928,0.5,1096,527,Sid Meier's Railroads!,October 17,2006,E,Simulation,2K Games,Firaxis,Sid Meier's Civilization IV: Warlords,Jul 24,2006,E10+,Strategy,2K Games,Firaxis Games
80,931,931,0.5,692,1178,Invisible Inc.,May 12,2015,,Strategy,Klei Entertainment,Klei Entertainment,Don't Starve,Apr 23,2013,,Action Adventure,Klei Entertainment,Klei Entertainment
81,964,964,0.5,1504,515,Hack 'n' Slash,September 9,2014,,RPG,Double Fine Productions,Double Fine Productions,Grim Fandango Remastered,Jan 27,2015,,Adventure,Double Fine Productions,Double Fine Productions
82,987,987,0.5,477,691,Dragon Age: Inquisition,November 18,2014,M,RPG,Electronic Arts,BioWare,Dragon Age II,Mar  8,2011,M,Role-Playing,Electronic Arts,BioWare
83,1000,1000,0.5,1228,430,Anachronox,Jun 27,2001,T,RPG,Eidos Interactive,Ion Storm,Thief: Deadly Shadows,May 25,2004,M,Action Adventure,Eidos Interactive,Ion Storm
84,1008,1008,0.5,772,396,America's Army 3,June 17,2009,T,Shooter,U.S. Army,U.S. Army,America's Army: Special Forces,Nov  6,2003,T,Action,U.S. Army,U.S. Army
85,1019,1019,0.5,2072,314,Mass Effect 2: Arrival,March 29,2011,M,RPG,Electronic Arts,BioWare,Mass Effect 2: Lair of the Shadow Broker,Sep  7,2010,M,Role-Playing,Electronic Arts,BioWare
86,1033,1033,0.5,379,3371,Commandos 3: Destination Berlin,Oct 14,2003,T,Strategy,Eidos Interactive,Pyro Studios,Commandos Strike Force,Apr  4,2006,T,Action,Eidos Interactive,Pyro Studios
87,1047,1047,0.5,1024,414,Frozen Cortex,February 19,2015,RP,Strategy,Mode 7 Games,Mode 7 Games,Frozen Synapse,May 26,2011,,Strategy,Matrix Games,Mode 7 Games
88,1071,1071,0.5,3032,1294,Call of Juarez: The Cartel,September 13,2011,M,Shooter,Ubisoft,Techland,Call of Juarez: Bound in Blood,Jun 30,2009,M,Action,Ubisoft,Techland
89,1076,1076,0.5,158,408,World of Warcraft,November 22,2004,T,RPG,Blizzard Entertainment,Blizzard Entertainment,Hearthstone: League of Explorers,Dec 10,2015,,Strategy,Blizzard Entertainment,Blizzard Entertainment
90,1090,1090,0.5,3173,2198,Zoo Tycoon 2: African Adventure,May 16,2006,E10+,Simulation,Microsoft,Blue Fang Games,Zoo Tycoon 2,Nov 11,2004,E,Strategy,Microsoft Game Studios,Blue Fang Games
91,1098,1098,0.5,552,348,StarCraft II: Heart of the Swarm,March 12,2013,RP-T+,Strategy,Blizzard Entertainment,Blizzard Entertainment,Heroes of the Storm,Jun  2,2015,T,Action,Blizzard Entertainment,Blizzard Entertainment
92,1122,1122,0.5,1365,1010,Tales of Monkey Island -- Chapter 1: Launch of the Screaming Narwhal,July 8,2009,E,Adventure,Telltale Games,Telltale Games,Tales of Monkey Island Chapter 4: The Trial and Execution of Guybrush Threepwood,Oct 30,2009,E10+,Adventure,Telltale Games,Telltale Games
93,1128,1128,0.5,2513,3658,Taz: Wanted,Sep 18,2002,E,Platformer,Infogrames,Blitz Games,Zapper,Oct  9,2002,E,Action,Infogrames,Blitz Games
94,1130,1130,0.5,2380,2957,KickBeat,January 20,2014,T,Music,Zen Studios,Zen Studios,KickBeat: Steam Edition,Jan 20,2014,T,Action,Zen Studios,Zen Studios
95,1141,1141,0.5,1337,1323,Fallout 4: Nuka World,August 29,2016,M,RPG,Bethesda  Softworks,Bethesda Game Studios,Fallout 3: The Pitt,Mar 24,2009,M,Role-Playing,Bethesda Softworks,Bethesda Game Studios
96,1162,1162,0.5,3037,2837,MindHabits,August 14,2008,E,Productivity,Got Game Entertainment,,Scratches,Mar  8,2006,T,Adventure,Got Game Entertainment,Nucleosys
97,1164,1164,0.5,1862,463,EverQuest II: Sentinel's Fate,February 16,2010,T,RPG,Sony Online Entertainment,Sony Online Entertainment,PlanetSide 2,Nov 20,2012,T,Role-Playing,Sony Online Entertainment,Sony Online Entertainment
98,1167,1167,0.5,821,3215,Sid Meier's Civilization IV: Warlords,July 24,2006,E10+,Strategy,2K Games,Firaxis,Sid Meier's Starships,Mar 12,2015,,Strategy,2K Games,Firaxis Games
99,1168,1168,0.5,2767,1988,The Sims Medieval: Pirates and Nobles,August 30,2011,T,Simulation,Electronic Arts,The Sims Studio,The Sims 3: Island Paradise,Jun 25,2013,T,Simulation,Electronic Arts,The Sims Studio
100,1175,1175,0.5,1816,877,Nancy Drew: Ransom of the Seven Ships,July 14,2009,E,Adventure,Her Interactive,Her Interactive,Nancy Drew: Curse of Blackmoor Manor,Oct  5,2004,E,Adventure,Her Interactive,Her Interactive
101,1206,1206,0.5,1187,197,Rome: Total War -- Alexander,June 19,2006,T,Strategy,SEGA,Creative Assembly,Medieval II: Total War,Nov 13,2006,T,Strategy,Sega,Creative Assembly
102,1207,1207,0.5,345,369,Hearthstone: Heroes of WarCraft,March 11,2014,T,Card,Blizzard Entertainment,Blizzard Entertainment,Hearthstone: Whispers of the Old Gods,Apr 26,2016,,Strategy,Blizzard Entertainment,Blizzard Entertainment
103,1242,1242,0.5,289,3721,Dragon Age: Origins (Collector's Edition),November 3,2009,M,RPG,Electronic Arts,BioWare,Dragon Age: Origins - Golems of Amgarrak,Aug 10,2010,M,Role-Playing,Electronic Arts,BioWare
104,1247,1247,0.5,2118,2851,Tank Universal,August 21,2008,RP,Action,Meridian4,Dialogue Design,Tank Universal: Challenger Eight,Aug 21,2008,,Action,Meridian4,Dialogue Design
105,1250,1250,0.5,2100,671,Total War Battles: Shogun,August 29,2012,,Strategy,SEGA,Creative Assembly,Rome: Total War Barbarian Invasion,Sep 27,2005,T,Strategy,Sega,Creative Assembly
106,1253,1253,0.5,1895,142,The Walking Dead: Michonne -- Episode 2: Give No Shelter,March 29,2016,M,Adventure,Telltale Games,Telltale Games,The Walking Dead: Episode 5 - No Time Left,Nov 21,2012,M,Miscellaneous,Telltale Games,Telltale Games
107,1263,1263,0.5,2350,3224,The LEGO Movie Videogame,February 7,2014,E10+,Action,Warner Bros.  Interactive,TT Games,LEGO Marvel's Avengers,Jan 26,2016,E10+,Action Adventure,Warner Bros. Interactive Entertainment,TT Games
108,1269,1269,0.5,198,1175,EverQuest: Omens of War,September 14,2004,T,RPG,Sony Online Entertainment,Sony Online Entertainment,Free Realms,Apr 29,2009,E10+,Role-Playing,Sony Online Entertainment,Sony Online Entertainment
109,1302,1302,0.4705882352941176,100,3172,The Walking Dead: A Telltale Game Series -- Season One,April 24,2012[Episode1Launch],M,Adventure,Telltale Games,Telltale Games,Game of Thrones: A Telltale Games Series,Nov 17,2015,M,Action,Telltale Games,Telltale Games
110,1304,1304,0.4705882352941176,2801,3521,Magic Online III,April 16,2008,T,Card,Wizards of the Coast,Wizards of the Coast,Magic: Duels of the Planeswalkers 2015,Jul 16,2014,T,Strategy,Wizards of the Coast,Wizards of the Coast
111,1327,1327,0.4666666666666667,964,748,EverQuest II: Desert of Flames,September 12,2005,T,RPG,Sony Online Entertainment,Sony Online Entertainment,EverQuest: The Scars of Velious,Dec  4,2000,T,Role-Playing,Sony Online Entertainment,Sony Online Entertainment
112,1329,1329,0.4666666666666667,1103,2682,Crown of Glory,June ,2005,,Strategy,Matrix Games,Western Civilization Software,Crown of Glory: Europe in the Age of Napoleon,Jun 30,2005,,Strategy,Matrix Games,Western Civilization Software
113,1333,1333,0.4666666666666667,1499,862,EverQuest II: Kingdom of Sky,February 21,2006,T,RPG,Sony Online Entertainment,Sony Online Entertainment,EverQuest: The Planes of Power,Oct 28,2002,T,Role-Playing,Sony Online Entertainment,Sony Online Entertainment
114,1384,1384,0.4615384615384616,2389,3023,Cossacks: Back to War,Oct 31,2002,T,Strategy,cdv Software Entertainment,GSC Game World,American Conquest: Fight Back,Sep 29,2003,T,Strategy,cdv Software,GSC Game World
115,1393,1393,0.4615384615384616,1054,1232,Rise of Incarnates,July 1,2015,M,Fighting,Bandai Namco Games,Bandai Namco Games,Pac-Man Championship Edition 2,Sep 13,2016,E,Action,Bandai Namco Games,Bandai Namco Games
116,1406,1406,0.4615384615384616,807,2573,Final Fantasy XI: Treasures of Aht Urhgan,April 18,2006,T,RPG,Square Enix,Square Enix,Final Fantasy Type-0 HD,Aug 18,2015,M,Role-Playing,Square Enix,Square Enix
117,1416,1416,0.4615384615384616,2330,680,Tom Clancy's Rainbow Six: Lockdown,February 14,2006,M,Shooter,Ubisoft,Red Storm Entertainment,Tom Clancy's Ghost Recon: Desert Siege,Mar 27,2002,M,Action,Ubisoft,Red Storm Entertainment
118,1417,1417,0.4615384615384616,1004,502,Age of Empires III: The WarChiefs,October 17,2006,T,Strategy,Microsoft,Ensemble Studios,Age of Mythology: The Titans,Sep 30,2003,T,Strategy,Microsoft Game Studios,Ensemble Studios
119,1418,1418,0.4615384615384616,977,502,Age of Empires II: The Conquerors,Aug 25,2000,T,Strategy,Microsoft,Ensemble Studios,Age of Mythology: The Titans,Sep 30,2003,T,Strategy,Microsoft Game Studios,Ensemble Studios
120,1422,1422,0.4615384615384616,852,2431,The Sims 3: World Adventures,November 17,2009,T,Simulation,Electronic Arts,The Sims Studio,The Sims 3: Generations,May 31,2011,T,Simulation,EA Games,The Sims Studio
121,1431,1431,0.4615384615384616,1738,984,The Sims 3: Late Night,October 26,2010,T,Simulation,Electronic Arts,The Sims Studio,The Sims 3: Into the Future,Oct 22,2013,T,Simulation,Electronic Arts,Maxis
122,1432,1432,0.4615384615384616,274,28,World of Warcraft: Wrath of the Lich King,November 13,2008,T,RPG,Blizzard Entertainment,Blizzard Entertainment,World of Warcraft,Nov 23,2004,T,Role-Playing,Blizzard Entertainment,Blizzard Entertainment
123,1434,1434,0.4615384615384616,427,3143,Free Realms,April 29,2009,E10+,RPG,Sony Online Entertainment,Sony Online Entertainment,Star Wars: Clone Wars Adventures,Oct 19,2010,E10+,Role-Playing,Sony Online Entertainment,Sony Online Entertainment
124,1442,1442,0.4615384615384616,812,1175,EverQuest II: Echoes of Faydwer,November 14,2006,T,RPG,Sony Online Entertainment,Sony Online Entertainment,Free Realms,Apr 29,2009,E10+,Role-Playing,Sony Online Entertainment,Sony Online Entertainment
125,1450,1450,0.4615384615384616,622,3797,Dragon Age: Origins -- Return to Ostagar,January 29,2010,M,RPG,Electronic Arts,BioWare,Dragon Age: Origins - Witch Hunt,Sep  7,2010,M,Role-Playing,Electronic Arts,BioWare
126,1489,1489,0.4545454545454545,1708,273,Commandos Strike Force,April 4,2006,T,Shooter,Eidos Interactive,Pyro Studios,Commandos 2: Men of Courage,Sep 20,2001,T,Strategy,Eidos Interactive,Pyro Studios
127,1493,1493,0.4545454545454545,802,2354,Wargame: AirLand Battle,May 29,2013,RP,Strategy,Focus Home Interactive,Eugen Systems,Act of Aggression,Sep  2,2015,,Military,Focus Home Interactive,Eugen Systems
128,1502,1502,0.4545454545454545,2113,1703,Painkiller,April 12,2004,M,Shooter,DreamCatcher Interactive,People Can Fly,Painkiller: Battle out of Hell,Dec  1,2004,M,Action,DreamCatcher Interactive,People Can Fly
129,1513,1513,0.4545454545454545,154,408,World of Warcraft: Legion,August 30,2016,T,RPG,Blizzard Entertainment,Blizzard Entertainment,Hearthstone: League of Explorers,Dec 10,2015,,Strategy,Blizzard Entertainment,Blizzard Entertainment
130,1515,1515,0.4545454545454545,1311,498,Hitman: Episode 1,March 11,2016,M,Shooter,Square Enix,Io Interactive,Hitman - Episode 2: Sapienza,Apr 26,2016,,Action Adventure,Square Enix,Io Interactive
131,1552,1552,0.4545454545454545,307,3371,Commandos 2: Men of Courage,Sep 21,2001,T,Strategy,Eidos Interactive,Pyro Studios,Commandos Strike Force,Apr  4,2006,T,Action,Eidos Interactive,Pyro Studios
132,1555,1555,0.4545454545454545,871,2042,The Sims 2: FreeTime,February 28,2008,T,Simulation,Electronic Arts,Maxis,The Sims 4: Get to Work,Mar 31,2015,T,Simulation,Electronic Arts,Maxis
133,1564,1564,0.4545454545454545,27,2042,The Sims (Deluxe Edition),Sep 17,2002,T,Simulation,Electronic Arts,Maxis,The Sims 4: Get to Work,Mar 31,2015,T,Simulation,Electronic Arts,Maxis
134,1604,1604,0.4545454545454545,1784,2042,The Sims 2: Pets,October 17,2006,T,Simulation,Electronic Arts,Maxis,The Sims 4: Get to Work,Mar 31,2015,T,Simulation,Electronic Arts,Maxis
135,1606,1606,0.4545454545454545,1327,623,Tom Clancy's Rainbow Six Siege,December 1,2015,M,Shooter,Ubisoft,Ubisoft Montreal,Tom Clancy's Splinter Cell: Conviction,Apr 27,2010,M,Action Adventure,Ubisoft,Ubisoft Montreal
136,1612,1612,0.4545454545454545,1586,1669,Dishonored: The Brigmore Witches,August 13,2013,,Action,Bethesda  Softworks,Arkane Studios,Dishonored: Dunwall City Trials,Dec 11,2012,M,Action Adventure,Bethesda Softworks,Arkane Studios
137,1631,1631,0.45,237,2379,The Walking Dead: The Game -- Episode 3: Long Road Ahead,August 29,2012,M,Adventure,Telltale Games,Telltale Games,The Walking Dead: Michonne - Episode 3: What We Deserve,Apr 26,2016,,Adventure,Telltale Games,Telltale Games
138,1636,1636,0.45,2069,788,The Walking Dead: Michonne -- Episode 1: In Too Deep,February 23,2016,M,Adventure,Telltale Games,Telltale Games,The Walking Dead: Season Two Episode 3 - In Harm's Way,May 13,2014,M,Action,Telltale Games,Telltale Games
139,1669,1669,0.4444444444444444,29,487,StarCraft,March 31,1998,T,Strategy,Blizzard Entertainment,Blizzard Entertainment,Hearthstone: The Grand Tournament,Aug 24,2015,,Strategy,Blizzard Entertainment,Blizzard Entertainment
140,1672,1672,0.4444444444444444,355,118,Napoleon: Total War,February 23,2010,T,Strategy,SEGA,Creative Assembly,Total War: Shogun 2,Mar 15,2011,T,Strategy,Sega,Creative Assembly
141,1679,1679,0.4444444444444444,145,1640,NHL 2002,Sep 18,2001,E,Sports,Electronic Arts,Electronic Arts,FIFA Manager 11,Nov  3,2010,E,Sports,Electronic Arts,Electronic Arts
142,1698,1698,0.4444444444444444,895,3108,MVP Baseball 2003,June 2,2003,E,Sports,Electronic Arts,EA Canada,NHL 08,Sep 11,2007,E10+,Sports,Electronic Arts,EA Canada
143,1709,1709,0.4444444444444444,1595,2349,Half-Life: Opposing Force,Nov 19,1999,M,Action,Sierra,Gearbox Software,Half-Life: Blue Shift,Jun 11,2001,M,Action,Sierra Entertainment,Gearbox Software
144,1741,1741,0.4444444444444444,736,3847,Europa Universalis III,January 29,2007,E,Strategy,Paradox  Interactive,Paradox  Interactive,Dark Horizon,Oct 13,2008,E10+,Simulation,Paradox Interactive,Paradox Interactive
145,1742,1742,0.4444444444444444,1641,1879,Hitman: Codename 47,Nov 23,2000,M,Action,Eidos Interactive,Io Interactive,Mini Ninjas,Sep  8,2009,E10+,Action Adventure,Eidos Interactive,Io Interactive
146,1750,1750,0.4444444444444444,1138,1028,Rush,December 3,2010,E,Puzzle,Two Tribes BV,Two Tribes BV,Toki Tori,Jan 28,2010,E,Miscellaneous,Two Tribes,Two Tribes
147,1763,1763,0.4444444444444444,2198,3068,The Crystal Key,Mar 30,2000,E,Adventure,DreamCatcher Interactive,DreamCatcher Interactive,Wildlife Zoo,Oct  2,2006,E,Strategy,DreamCatcher Interactive,DreamCatcher Interactive
148,1772,1772,0.4444444444444444,692,1498,Invisible Inc.,May 12,2015,,Strategy,Klei Entertainment,Klei Entertainment,Don't Starve: Shipwrecked,Apr  1,2016,,Action Adventure,Klei Entertainment,Klei Entertainment
149,1778,1778,0.4444444444444444,613,2460,Championship Bass,Mar 22,2000,E,Hunting,Electronic Arts,Electronic Arts,Spore Galactic Adventures,Jun 23,2009,E10+,Strategy,Electronic Arts,Electronic Arts
150,1785,1785,0.4444444444444444,144,1709,Grand Theft Auto IV,December 2,2008,M,Action,Rockstar  Games,Rockstar North,Manhunt,Apr 20,2004,M,Action Adventure,Rockstar Games,Rockstar North
151,1801,1801,0.4444444444444444,640,3547,Dungeon Siege II,August 16,2005,M,RPG,Microsoft,Gas Powered Games,Space Siege,Aug 12,2008,T,Role-Playing,Sega,Gas Powered Games
152,1806,1806,0.4444444444444444,562,197,Total War: Warhammer,May ,2016,,Strategy,SEGA,Creative Assembly,Medieval II: Total War,Nov 13,2006,T,Strategy,Sega,Creative Assembly
153,1813,1813,0.4444444444444444,271,1640,NHL 2001,Sep 28,2000,E,Sports,Electronic Arts,Electronic Arts,FIFA Manager 11,Nov  3,2010,E,Sports,Electronic Arts,Electronic Arts
154,1819,1819,0.4444444444444444,2104,695,Street Fighter X Mega Man,December 17,2012,,Action,Capcom,Capcom,Ultra Street Fighter IV,Aug  8,2014,T,Action,Capcom,Capcom
155,1825,1825,0.4444444444444444,873,325,IL-2 Sturmovik,Nov 20,2001,T,Simulation,Ubisoft,1C Company,IL-2 Sturmovik: Forgotten Battles,Mar  2,2003,T,Simulation,Ubisoft,1C 1C Company
156,1866,1866,0.4444444444444444,535,3108,FIFA Soccer 06,October 4,2005,E,Sports,Electronic Arts,EA Canada,NHL 08,Sep 11,2007,E10+,Sports,Electronic Arts,EA Canada
157,1880,1880,0.4444444444444444,1572,1152,Doom 3: BFG Edition,October 16,2012,RP-M+,RPG,Bethesda  Softworks,Id Software,Rage,Oct  4,2011,M,Action,Bethesda Softworks,id Software
158,1905,1905,0.4444444444444444,394,575,Fallout 2,Oct 30,1998,M,RPG,Interplay,Black Isle Studios,Icewind Dale II,Aug 26,2002,T,Role-Playing,Interplay,Black Isle Studios
159,1908,1908,0.4444444444444444,2318,2363,Star Wars: The Force Unleashed II,October 26,2010,T,Action,LucasArts,LucasArts,Star Wars: Starfighter,Jan 20,2002,T,Simulation,LucasArts,LucasArts
160,1912,1912,0.4444444444444444,1223,3108,FIFA Soccer 11,September 28,2010,E,Sports,Electronic Arts,EA Canada,NHL 08,Sep 11,2007,E10+,Sports,Electronic Arts,EA Canada
161,1919,1919,0.4444444444444444,2989,3837,The Technomancer,June 28,2016,M,RPG,Focus Home Interactive,Spiders,Bound by Flame,May  8,2014,M,Role-Playing,Focus Home Interactive,Spiders
162,1920,1920,0.4444444444444444,921,2484,Game of Thrones: Episode 4 -- Sons of Winter,May 26,2015,M,Adventure,Telltale Games,Telltale Games,Game of Thrones: Episode Six - The Ice Dragon,Nov 17,2015,,Action,Telltale Games,Telltale Games
163,1927,1927,0.4444444444444444,145,54,NHL 2002,Sep 18,2001,E,Sports,Electronic Arts,Electronic Arts,F1 Challenge '99-'02,Jun 24,2003,E,Driving,Electronic Arts,Electronic Arts
164,1933,1933,0.4444444444444444,2854,1827,Assassin's Creed Liberation HD,January 15,2014,M,Action,Ubisoft,Ubisoft Sofia,Assassin's Creed Syndicate,Nov 19,2015,M,Historic,Ubisoft,Ubisoft Quebec
165,1936,1936,0.4444444444444444,358,3847,Europa Universalis IV,August 13,2013,T,Strategy,Paradox  Interactive,Paradox  Interactive,Dark Horizon,Oct 13,2008,E10+,Simulation,Paradox Interactive,Paradox Interactive
166,1945,1945,0.4444444444444444,402,3403,NBA Live 2005,October 26,2004,E,Sports,Electronic Arts,EA Canada,NHL 09,Oct 20,2008,E10+,Sports,Electronic Arts,EA Canada
167,1954,1954,0.4444444444444444,2059,401,Tycoon City: New York,February 21,2006,T,Simulation,Atari,Deep Red Games,Monopoly Tycoon,Sep 24,2001,E,Strategy,Atari,Deep Red
168,1966,1966,0.4375,378,505,Rise of Nations: Thrones and Patriots,Apr 27,2004,T,Strategy,Microsoft,Big Huge Games [2000-2012],Rise of Nations: Rise of Legends,May  9,2006,T,Strategy,Microsoft Game Studios,Big Huge Games
169,1985,1985,0.4375,1895,1318,The Walking Dead: Michonne -- Episode 2: Give No Shelter,March 29,2016,M,Adventure,Telltale Games,Telltale Games,The Walking Dead: 400 Days,Jul  3,2013,M,Action,Telltale Games,Telltale Games
170,1996,1996,0.42857142857142855,1957,3208,The Sims: Unleashed,Sep 23,2002,T,Simulation,Electronic Arts,Maxis,SimCity,Mar  5,2013,E10+,Miscellaneous,Electronic Arts,Maxis
171,2003,2003,0.42857142857142855,69,7,Dota 2,July 9,2013,,RPG,Valve,Valve,Portal 2,Apr 19,2011,E10+,Action,Valve Software,Valve Software
172,2006,2006,0.42857142857142855,22,2217,The Sims,Feb 4,2000,T,Simulation,Electronic Arts,Maxis,The Godfather,Mar 21,2006,M,Action Adventure,Electronic Arts,Headgate
173,2008,2008,0.42857142857142855,812,3399,EverQuest II: Echoes of Faydwer,November 14,2006,T,RPG,Sony Online Entertainment,Sony Online Entertainment,Lords of EverQuest,Dec  1,2003,T,Strategy,Sony Online Entertainment,Rapid Eye Entertainment
174,2009,2009,0.42857142857142855,476,2009,Day of the Tentacle: Remastered,March 22,2016,T,Adventure,Double Fine Productions,Double Fine Productions,Hack 'n' Slash,Sep  9,2014,,Action,Double Fine Productions,Double Fine Productions
175,2011,2011,0.42857142857142855,1054,277,Rise of Incarnates,July 1,2015,M,Fighting,Bandai Namco Games,Bandai Namco Games,Pac-Man Championship Edition DX +,Sep 24,2013,E,Action,Namco Bandai Games,Namco Bandai Games
176,2013,2013,0.42857142857142855,403,3850,Assassin's Creed II,March 9,2010,M,Action,Ubisoft,Ubisoft Montreal,TMNT,Mar 20,2007,E10+,Action,Ubisoft,Ubisoft Montreal
177,2035,2035,0.42857142857142855,2546,1682,The Crew,December 2,2014,T,Racing,Ubisoft,Ubisoft Reflections,Grow Home,Feb  4,2015,,Action Adventure,Ubisoft,Ubisoft Reflections
178,2041,2041,0.42857142857142855,2042,616,DC Universe Online,January 11,2011,T,RPG,Sony Online Entertainment,Sony Online Entertainment,EverQuest II: Rise of Kunark,Nov 13,2007,T,Role-Playing,Sony Online Entertainment,Sony Online Entertainment
179,2054,2054,0.42857142857142855,578,993,Icewind Dale: Heart of Winter,Feb 21,2001,T,RPG,Interplay,Black Isle Studios,Icewind Dale: Enhanced Edition,Oct 30,2014,,Role-Playing,Interplay,Black Isle Studios Beamdog Overhaul Games
180,2080,2080,0.42857142857142855,142,1287,Freelancer,Mar 5,2003,T,Action,Microsoft,Digital Anvil,StarLancer,Mar 31,2000,E,Simulation,Microsoft Game Studios,Digital Anvil
181,2087,2087,0.42857142857142855,312,3850,Far Cry 3,December 4,2012,M,Shooter,Ubisoft,Ubisoft Montreal,TMNT,Mar 20,2007,E10+,Action,Ubisoft,Ubisoft Montreal
182,2110,2110,0.42857142857142855,2057,3143,DC Universe Online,January 11,2011,T,RPG,Sony Online Entertainment,Sony Online Entertainment,Star Wars: Clone Wars Adventures,Oct 19,2010,E10+,Role-Playing,Sony Online Entertainment,Sony Online Entertainment
183,2116,2116,0.42857142857142855,1818,1457,Wolfenstein,August 18,2009,M,Shooter,Activision,Raven Software,X-Men Origins: Wolverine,May  1,2009,M,Action,Activision,Raven Software
184,2118,2118,0.42857142857142855,1533,3208,Spore: Galactic Adventures,June 23,2009,E10+,Simulation,Electronic Arts,Maxis,SimCity,Mar  5,2013,E10+,Miscellaneous,Electronic Arts,Maxis
185,2122,2122,0.42857142857142855,1612,1295,The Walking Dead: The Game -- Episode 4: Around Every Corner,October 10,2012,M,Adventure,Telltale Games,Telltale Games,The Walking Dead: Season Two Episode 4 - Amid the Ruins,Jul 22,2014,M,Action,Telltale Games,Telltale Games
186,2142,2142,0.42857142857142855,2635,1828,TMNT,March 20,2007,E10+,Action,Ubisoft,Ubisoft Montreal,Far Cry Primal,Mar  1,2016,M,Action,Ubisoft,Ubisoft Montreal
187,2176,2176,0.42857142857142855,2635,187,TMNT,March 20,2007,E10+,Action,Ubisoft,Ubisoft Montreal,Far Cry 3,Dec  4,2012,M,Action,Ubisoft,Ubisoft Montreal
188,2180,2180,0.42857142857142855,2153,684,Singularity,June 29,2010,M,Shooter,Activision,Raven Software,Marvel: Ultimate Alliance,Oct 24,2006,T,Role-Playing,Activision,Raven Software
189,2236,2236,0.4166666666666667,158,369,World of Warcraft,November 22,2004,T,RPG,Blizzard Entertainment,Blizzard Entertainment,Hearthstone: Whispers of the Old Gods,Apr 26,2016,,Strategy,Blizzard Entertainment,Blizzard Entertainment
190,2249,2249,0.4166666666666667,1799,2742,Need for Speed III: Hot Pursuit,September ,1998,E,Racing,Electronic Arts,Electronic Arts,Need for Speed,Mar 15,2016,T,Racing,Electronic Arts,Ghost Games
191,2252,2252,0.4166666666666667,161,87,Diablo III: Reaper of Souls,March 25,2014,M,Action,Blizzard Entertainment,Blizzard Entertainment,World of Warcraft: Cataclysm,Dec  7,2010,T,Role-Playing,Blizzard Entertainment,Blizzard Entertainment
192,2260,2260,0.4166666666666667,1327,38,Tom Clancy's Rainbow Six Siege,December 1,2015,M,Shooter,Ubisoft,Ubisoft Montreal,Tom Clancy's Splinter Cell: Chaos Theory,Mar 28,2005,M,Action Adventure,Ubisoft,Ubisoft Montreal
193,2290,2290,0.4166666666666667,486,502,Age of Empires III,October 18,2005,T,Strategy,Microsoft,Ensemble Studios,Age of Mythology: The Titans,Sep 30,2003,T,Strategy,Microsoft Game Studios,Ensemble Studios
194,2308,2308,0.4166666666666667,2683,1538,Bone: Out From Boneville,September 15,2005,,Adventure,Telltale Games,Telltale Games,Bone: The Great Cow Race,Apr 12,2006,,Adventure,Telltale Games,Telltale Games
195,2312,2312,0.4166666666666667,143,867,Call of Duty: World at War (Collector's Edition),November 11,2008,M,Shooter,Activision,Treyarch,Call of Duty: Black Ops,Nov  9,2010,M,Action,Activision,Treyarch
196,2329,2329,0.4166666666666667,2385,3694,The Settlers: Rise of an Empire,September 25,2007,E10+,Strategy,Ubisoft,Blue Byte,Heritage of Kings: The Settlers,Feb 24,2005,T,Strategy,Ubisoft,Blue Byte
197,2332,2332,0.4166666666666667,97,75,The Elder Scrolls IV: Oblivion,March 20,2006,M,RPG,Bethesda  Softworks,Bethesda Game Studios,Fallout 3,Oct 28,2008,M,Role-Playing,Bethesda Softworks,Bethesda Game Studios
198,2346,2346,0.4166666666666667,345,252,Hearthstone: Heroes of WarCraft,March 11,2014,T,Card,Blizzard Entertainment,Blizzard Entertainment,Diablo III: Reaper of Souls,Mar 25,2014,M,Role-Playing,Blizzard Entertainment,Blizzard Entertainment
199,2347,2347,0.4166666666666667,2529,3739,Ski Resort Extreme,Oct 31,2004,E,Simulation,Global Star,Cat Daddy Games,Mall Tycoon 3,Oct 26,2005,E,Strategy,Global Star Software,Cat Daddy Games
200,2362,2362,0.4166666666666667,416,993,Icewind Dale,Jun 30,2000,T,RPG,Interplay,Black Isle Studios,Icewind Dale: Enhanced Edition,Oct 30,2014,,Role-Playing,Interplay,Black Isle Studios Beamdog Overhaul Games
201,2379,2379,0.4166666666666667,379,273,Commandos 3: Destination Berlin,Oct 14,2003,T,Strategy,Eidos Interactive,Pyro Studios,Commandos 2: Men of Courage,Sep 20,2001,T,Strategy,Eidos Interactive,Pyro Studios
202,2384,2384,0.4166666666666667,2364,185,Heroes of the Storm,June 2,2015,T,Strategy,Blizzard Entertainment,Blizzard Entertainment,Warcraft III: The Frozen Throne,Jul  1,2003,T,Strategy,Blizzard Entertainment,Blizzard Entertainment
203,2394,2394,0.4166666666666667,2352,303,Sid Meier's Starships,March 12,2015,,Strategy,2K Games,Firaxis,Sid Meier's Civilization IV: Beyond the Sword,Jul 23,2007,E10+,Strategy,2K Games,Firaxis Games
204,2400,2400,0.4166666666666667,1257,3930,Poker Night at the Inventory,November 22,2010,,Card,Telltale Games,Telltale Games,Jurassic Park: The Game,Nov 15,2011,T,Adventure,Telltale Games,Telltale Games
205,2424,2424,0.4166666666666667,385,3930,The Walking Dead: 400 Days,July 3,2013,M,Adventure,Telltale Games,Telltale Games,Jurassic Park: The Game,Nov 15,2011,T,Adventure,Telltale Games,Telltale Games
206,2426,2426,0.4166666666666667,2177,143,Borderlands 2: Sir Hammerlock's Big Game Hunt,January 15,2013,M,Shooter,2K Games,Gearbox Software,Borderlands 2,Sep 18,2012,M,Action,2K Games,Gearbox Software
207,2454,2454,0.4117647058823529,1039,2840,Barrow Hill: Curse of the Ancient Circle,August 22,2006,T,Adventure,Got Game Entertainment,Shadow Tor Studios,Rhiannon: Curse of the Four Branches,Oct  5,2008,T,Adventure,Got Game Entertainment,Arberth Studios
208,2470,2470,0.4117647058823529,352,1318,The Walking Dead: Season Two -- Episode 3: In Harm's Way,May 13,2014,M,Adventure,Telltale Games,Telltale Games,The Walking Dead: 400 Days,Jul  3,2013,M,Action,Telltale Games,Telltale Games
209,2472,2472,0.4117647058823529,39,1318,The Walking Dead: The Game -- Episode 5: No Time Left,November 21,2012,M,Adventure,Telltale Games,Telltale Games,The Walking Dead: 400 Days,Jul  3,2013,M,Action,Telltale Games,Telltale Games
210,2486,2486,0.4,63,33,Sid Meier's Civilization IV,October 24,2005,E10+,Strategy,2K Games,Firaxis,Sid Meier's Gettysburg!,Sep 30,1997,E,Strategy,Electronic Arts,Firaxis Games
211,2493,2493,0.4,2333,1666,Blacklight: Tango Down,July 14,2010,T,Shooter,Ignition Entertainment,Zombie Studios,Blacklight: Retribution,Apr  3,2012,,Action,Perfect World Entertainment,Zombie Studios
212,2503,2503,0.4,408,502,Age of Empires II: The Age of Kings,Oct 16,1999,T,Strategy,Microsoft,Ensemble Studios,Age of Mythology: The Titans,Sep 30,2003,T,Strategy,Microsoft Game Studios,Ensemble Studios
213,2548,2548,0.4,1342,1304,F1 2001,October 3,2001,E,Racing,Electronic Arts,Electronic Arts,Medal of Honor: Airborne,Sep  4,2007,T,Action,Electronic Arts,Electronic Arts
214,2554,2554,0.4,1416,1640,Future Cop: L.A.P.D.,Dec 5,1998,T,Action,Electronic Arts,Electronic Arts,FIFA Manager 11,Nov  3,2010,E,Sports,Electronic Arts,Electronic Arts
215,2579,2579,0.4,498,1879,Hitman 2: Silent Assassin,Oct 1,2002,M,Action,Eidos Interactive,Io Interactive,Mini Ninjas,Sep  8,2009,E10+,Action Adventure,Eidos Interactive,Io Interactive
216,2591,2591,0.4,723,174,Assassin's Creed IV: Black Flag,November 19,2013,M,Action,Ubisoft,Ubisoft Montreal,Assassin's Creed: Brotherhood,Mar 22,2011,M,Action Adventure,Ubisoft,Ubisoft Montreal
217,2603,2603,0.4,1044,3596,Ultima Online: Age of Shadows,Feb 11,2003,T,RPG,Electronic Arts,Origin Systems,Ultima Online,Sep 30,1997,M,Role-Playing,Electronic Arts,Origin
218,2614,2614,0.4,820,3362,Shadow Watch,Apr 13,2000,T,Strategy,Red Storm Entertainment,Red Storm Entertainment,Tom Clancy's Rainbow Six: Covert Ops Essentials,Sep 28,2000,T,Action,Red Storm Entertainment,Red Storm Entertainment
219,2625,2625,0.4,530,1304,FIFA '99,Nov 21,1998,E,Sports,Electronic Arts,Electronic Arts,Medal of Honor: Airborne,Sep  4,2007,T,Action,Electronic Arts,Electronic Arts
220,2628,2628,0.4,503,2460,Madden NFL 2001,Aug 23,2000,E,Sports,Electronic Arts,Electronic Arts,Spore Galactic Adventures,Jun 23,2009,E10+,Strategy,Electronic Arts,Electronic Arts
221,2643,2643,0.4,158,672,World of Warcraft,November 22,2004,T,RPG,Blizzard Entertainment,Blizzard Entertainment,Hearthstone: Blackrock Mountain,Apr  2,2015,,Strategy,Blizzard Entertainment,Blizzard Entertainment
222,2657,2657,0.4,1137,737,The Walking Dead: Season Two -- Episode 1: All That Remains,December 17,2013,M,Adventure,Telltale Games,Telltale Games,The Walking Dead: Episode 1 - A New Day,Apr 24,2012,M,Action,Telltale Games,Telltale Games
223,2663,2663,0.4,2210,1650,The Last Remnant,March 24,2009,M,RPG,Square Enix,Square Enix,Final Fantasy XIII-2,Dec 11,2014,T,Role-Playing,Square Enix,Square Enix
224,2682,2682,0.4,562,400,Total War: Warhammer,May ,2016,,Strategy,SEGA,Creative Assembly,Medieval II: Total War Kingdoms,Aug 28,2007,T,Strategy,Sega,Creative Assembly
225,2684,2684,0.4,1342,2634,F1 2001,October 3,2001,E,Racing,Electronic Arts,Electronic Arts,Ultima Online: Third Dawn,Mar 26,2001,T,Role-Playing,Electronic Arts,Electronic Arts
226,2687,2687,0.4,703,1559,NHL 06,September 6,2005,E10+,Sports,Electronic Arts,EA Canada,UEFA Euro 2004: Portugal,May  4,2004,E,Sports,Electronic Arts,EA Canada
227,2743,2743,0.4,1750,343,Command & Conquer Renegade,February 26,2001,T,Action,Electronic Arts,Westwood Studios,Command & Conquer: Red Alert 2 - Yuri's Revenge,Oct 10,2001,T,Strategy,Electronic Arts,Westwood Studios
228,2751,2751,0.4,50,2971,The Elder Scrolls III: Morrowind,May 7,2002,T,RPG,Bethesda  Softworks,Bethesda  Softworks,The Elder Scrolls V: Skyrim - Dawnguard,Aug  2,2012,M,Role-Playing,Bethesda Softworks,Bethesda Game Studios
229,2757,2757,0.4,307,1254,Commandos 2: Men of Courage,Sep 21,2001,T,Strategy,Eidos Interactive,Pyro Studios,Praetorians,Mar 10,2003,T,Strategy,Eidos Interactive,Pyro Studios
230,2786,2786,0.4,761,286,The Witcher,October 30,2007,M,RPG,Atari,CD Projekt,The Witcher: Enhanced Edition,Sep 16,2008,M,Role-Playing,Atari,CD Projekt Red Studio
231,2790,2790,0.4,2716,3065,Flashback,October 1,2013,T,Action,Ubisoft,Ubisoft,Zombi,Aug 18,2015,M,Action,Ubisoft,Ubisoft Montpellier
232,2803,2803,0.4,1473,152,Tiger Woods '99,September ,1998,E,Sports,Electronic Arts,Electronic Arts,FIFA Soccer 12,Sep 27,2011,E,Sports,Electronic Arts,Electronic Arts
233,2821,2821,0.4,2753,2478,Jurassic Park: The Game,November 15,2011,T,Adventure,Telltale Games,Telltale Games,Puzzle Agent,Jun 30,2010,,Miscellaneous,Telltale Games,Telltale Games
234,2828,2828,0.4,91,1709,Grand Theft Auto: Vice City,May 13,2003,M,Action,Rockstar  Games,Rockstar North,Manhunt,Apr 20,2004,M,Action Adventure,Rockstar Games,Rockstar North
235,2852,2852,0.4,2033,1193,Tom Clancy's EndWar,February 24,2009,T,Strategy,Ubisoft,Ubisoft Shanghai,Tom Clancy's Rainbow Six Siege,Dec  1,2015,M,Modern,Ubisoft,Ubisoft Montreal
236,2884,2884,0.4,714,1011,The Walking Dead: The Game -- Episode 2: Starved For Help,June 27,2012,M,Adventure,Telltale Games,Telltale Games,The Walking Dead: Episode 4 - Around Every Corner,Oct 10,2012,M,Miscellaneous,Telltale Games,Telltale Games
237,2891,2891,0.4,607,2689,Madden NFL '99,September ,1998,E,Sports,Electronic Arts,EA Tiburon,NASCAR Thunder 2003,Oct 16,2002,E,Driving,Electronic Arts,EA Tiburon
238,2898,2898,0.4,198,3143,EverQuest: Omens of War,September 14,2004,T,RPG,Sony Online Entertainment,Sony Online Entertainment,Star Wars: Clone Wars Adventures,Oct 19,2010,E10+,Role-Playing,Sony Online Entertainment,Sony Online Entertainment
239,2904,2904,0.4,1327,2437,Tom Clancy's Rainbow Six Siege,December 1,2015,M,Shooter,Ubisoft,Ubisoft Montreal,Tom Clancy's HAWX,Mar 17,2009,T,Action,Ubisoft,Ubisoft Romania
240,2924,2924,0.4,2894,1640,Triple Play '99,May 30,1998,E,Sports,Electronic Arts,Electronic Arts,FIFA Manager 11,Nov  3,2010,E,Sports,Electronic Arts,Electronic Arts
241,2986,2986,0.4,1432,3509,Surgeon Simulator 2013,April 19,2013,,Simulation,Bossa Studios,Bossa Studios,I Am Bread,Apr  9,2015,E10+,Miscellaneous,Bossa Studios,Bossa Studios
242,2987,2987,0.4,2019,3820,ER,May 31,2005,T,Strategy,Legacy Interactive,Legacy Interactive,Law & Order: Criminal Intent,Nov 15,2005,M,Adventure,Legacy Interactive,Legacy Interactive
243,3014,3014,0.4,2935,734,Microsoft Flight,February 29,2012,E,Flight,Microsoft,Microsoft Game Studios,Links 2003,Sep 16,2002,E,Sports,Microsoft Game Studios,Microsoft Game Studios
244,3018,3018,0.4,2894,2460,Triple Play '99,May 30,1998,E,Sports,Electronic Arts,Electronic Arts,Spore Galactic Adventures,Jun 23,2009,E10+,Strategy,Electronic Arts,Electronic Arts
245,3021,3021,0.4,498,1804,Hitman 2: Silent Assassin,Oct 1,2002,M,Action,Eidos Interactive,Io Interactive,Hitman: Contracts,Apr 20,2004,M,Action,Eidos Interactive,Io Interactive
246,3032,3032,0.4,1354,1664,Blitzkrieg: Burning Horizon,June 10,2004,T,Strategy,cdv Software Entertainment,Nival Interactive,Blitzkrieg 2,Oct  2,2005,T,Strategy,cdv Software,Nival Interactive
247,3040,3040,0.4,1706,1998,Hector: Badge of Carnage -- Episode 1: We Negotiate with Terrorists,April 27,2011,,Adventure,Telltale Games,Straandlooper,Hector: Badge of Carnage - Episode 2: Senseless Acts of Justice,Aug 25,2011,,Action,Telltale Games,Straandlooper
248,3071,3071,0.3888888888888889,1976,3362,Tom Clancy's Rainbow Six: Rogue Spear: Black Thorn,Nov 13,2001,M,Action,Ubisoft,Red Storm Entertainment,Tom Clancy's Rainbow Six: Covert Ops Essentials,Sep 28,2000,T,Action,Red Storm Entertainment,Red Storm Entertainment
249,3090,3090,0.3888888888888889,1243,1391,Life is Strange -- Episode 3: Chaos Theory,May 19,2015,M,Adventure,Square Enix,DONTNOD Entertainment,Life is Strange: Episode 2 - Out of Time,Mar 24,2015,M,Action Adventure,Square Enix,DONTNOD Entertainment
250,3097,3097,0.38461538461538464,246,3044,Need for Speed: Hot Pursuit,November 16,2010,E10+,Racing,Electronic Arts,Criterion Games,Need for Speed: Undercover,Nov 17,2008,T,Driving,Electronic Arts,EA Black Box
251,3098,3098,0.38461538461538464,152,1246,MechWarrior 4: Mercenaries,Nov 12,2002,T,Action,Microsoft,Cyberlore Studios (later Minerva),MechWarrior 4: Black Knight Expansion,Oct 31,2001,T,Simulation,Microsoft Game Studios,Cyberlore Studios
252,3104,3104,0.38461538461538464,1705,1052,Back to the Future: The Game,December 23,2010,T,Adventure,Telltale Games,Telltale Games,The Wolf Among Us,Oct 11,2013,M,Action Adventure,Telltale Games,Telltale Games
253,3116,3116,0.38461538461538464,1951,14,Bioshock Infinite: Burial at Sea -- Episode One,November 12,2013,M,Shooter,2K Games,Irrational Games,BioShock Infinite,Mar 26,2013,M,Action,2K Games,Irrational Games
254,3147,3147,0.38461538461538464,1187,1691,Rome: Total War -- Alexander,June 19,2006,T,Strategy,SEGA,Creative Assembly,Napoleon: Total War - The Peninsular Campaign,Jul 25,2010,T,Strategy,Sega,Creative Assembly
255,3160,3160,0.38461538461538464,690,1937,Dragon Age: Origins -- Awakening,March 16,2010,M,RPG,Electronic Arts,BioWare,Dragon Age: Inquisition - Jaws Of Hakkon,Mar 24,2015,,Role-Playing,Electronic Arts,BioWare
256,3172,3172,0.38461538461538464,161,234,Diablo III: Reaper of Souls,March 25,2014,M,Action,Blizzard Entertainment,Blizzard Entertainment,Diablo II: Lord of Destruction,Jun 27,2001,M,Role-Playing,Blizzard Entertainment,Blizzard North
257,3179,3179,0.38461538461538464,2335,628,Dragon Age II -- Legacy,July 26,2011,M,RPG,Electronic Arts,BioWare,Dragon Age II: Mark of the Assassin,Oct 11,2011,M,Role-Playing,Electronic Arts,BioWare
258,3196,3196,0.38461538461538464,1750,3223,Command & Conquer Renegade,February 26,2001,T,Action,Electronic Arts,Westwood Studios,Command & Conquer 4: Tiberian Twilight,Mar 16,2010,T,Strategy,Electronic Arts,EA LA
259,3203,3203,0.38461538461538464,517,3637,Sid Meier's Civilization IV: Colonization,September 23,2008,E10+,Strategy,2K Games,Firaxis,Sid Meier's Ace Patrol: Pacific Skies,Nov  5,2013,,Strategy,2K Games,Firaxis Games
260,3205,3205,0.38461538461538464,73,2636,Middle-earth: Shadow of Mordor,September 30,2014,M,Action,Warner Bros.  Interactive,Monolith Productions,The Matrix Online,Mar 22,2005,T,Role-Playing,Warner Bros. Interactive Entertainment,Monolith Productions
261,3216,3216,0.38461538461538464,1377,3637,Sid Meier's Civilization: Beyond Earth,October 24,2014,E10+,Simulation,2K Games,Firaxis,Sid Meier's Ace Patrol: Pacific Skies,Nov  5,2013,,Strategy,2K Games,Firaxis Games
262,3224,3224,0.38461538461538464,2099,15,The Elder Scrolls Adventures: Redguard,November 20,1998,T,Adventure,Bethesda  Softworks,Bethesda  Softworks,The Elder Scrolls IV: Oblivion,Mar 20,2006,M,Role-Playing,2K Games,Bethesda Softworks
263,3242,3242,0.38461538461538464,159,314,Mass Effect 3: Citadel,March 5,2013,M,RPG,Electronic Arts,BioWare,Mass Effect 2: Lair of the Shadow Broker,Sep  7,2010,M,Role-Playing,Electronic Arts,BioWare
264,3268,3268,0.38461538461538464,11,2330,Mass Effect 2 (Collector's Edition),January 26,2010,M,RPG,Electronic Arts,BioWare,Mass Effect 2: Kasumi - Stolen Memory,Apr  6,2010,M,Role-Playing,Electronic Arts,BioWare
265,3287,3287,0.38461538461538464,1544,1244,LEGO Jurassic World,June 12,2015,E10+,Action,Warner Bros. Games,TT Games,LEGO Marvel Super Heroes,Oct 22,2013,E10+,Action Adventure,Warner Bros. Interactive Entertainment,TT Games
266,3298,3298,0.3809523809523809,2565,2379,The Walking Dead: Season Two -- Episode 4: Amid the Ruins,July 22,2014,M,Adventure,Telltale Games,Telltale Games,The Walking Dead: Michonne - Episode 3: What We Deserve,Apr 26,2016,,Adventure,Telltale Games,Telltale Games
267,3323,3323,0.3809523809523809,884,1942,Sam & Max: Season Two -- Episode #4: Chariot of the Dogs,March 14,2008,,Adventure,Telltale Games,Telltale Games,Game of Thrones: Episode Two - The Lost Lords,Feb  3,2015,M,Action,Telltale Games,Telltale Games
268,3336,3336,0.3809523809523809,237,2952,The Walking Dead: The Game -- Episode 3: Long Road Ahead,August 29,2012,M,Adventure,Telltale Games,Telltale Games,The Walking Dead: Michonne - Episode 2: Give No Shelter,Mar 29,2016,,Adventure,Telltale Games,Telltale Games
269,3353,3353,0.375,1803,3102,The Sims: Life Stories,February 6,2007,T,Simulation,Electronic Arts,Maxis,Darkspore,Apr 26,2011,T,Role-Playing,Electronic Arts,Maxis
270,3361,3361,0.375,355,798,Napoleon: Total War,February 23,2010,T,Strategy,SEGA,Creative Assembly,Alien: Isolation,Oct  6,2014,M,Action Adventure,Sega,Creative Assembly
271,3377,3377,0.375,215,348,World of Warcraft: Wrath of the Lich King (Collector's Edition),November 13,2008,T,RPG,Blizzard Entertainment,Blizzard Entertainment,Heroes of the Storm,Jun  2,2015,T,Action,Blizzard Entertainment,Blizzard Entertainment
272,3378,3378,0.375,888,2217,The Sims: Superstar,May 12,2003,T,Simulation,Electronic Arts,Maxis,The Godfather,Mar 21,2006,M,Action Adventure,Electronic Arts,Headgate
273,3398,3398,0.375,689,33,SimGolf,Jan 22,2002,E,Sports,Electronic Arts,Firaxis,Sid Meier's Gettysburg!,Sep 30,1997,E,Strategy,Electronic Arts,Firaxis Games
274,3455,3455,0.375,1957,2217,The Sims: Unleashed,Sep 23,2002,T,Simulation,Electronic Arts,Maxis,The Godfather,Mar 21,2006,M,Action Adventure,Electronic Arts,Headgate
275,3467,3467,0.375,460,1720,NHL 2003,Sep 27,2002,E,Sports,Electronic Arts,EA Canada,BattleForge,Mar 23,2009,T,Strategy,Electronic Arts,EA Phenomic
276,3497,3497,0.375,3154,3108,Catwoman,July 20,2004,T,Action,Electronic Arts,EA UK,NHL 08,Sep 11,2007,E10+,Sports,Electronic Arts,EA Canada
277,3498,3498,0.375,114,81,Mass Effect,May 27,2008,M,RPG,Electronic Arts,BioWare,Dragon Age: Origins,Nov  3,2009,M,Role-Playing,Electronic Arts,BioWare
278,3507,3507,0.375,1006,3208,The Sims: Makin' Magic,October 28,2003,T,Simulation,Electronic Arts,Maxis,SimCity,Mar  5,2013,E10+,Miscellaneous,Electronic Arts,Maxis
279,3522,3522,0.375,264,773,Soldier of Fortune,Mar 27,2000,M,Action,Activision,Raven Software,Quake 4,Oct 11,2005,M,Action,Activision,Raven Software
280,3523,3523,0.375,812,3143,EverQuest II: Echoes of Faydwer,November 14,2006,T,RPG,Sony Online Entertainment,Sony Online Entertainment,Star Wars: Clone Wars Adventures,Oct 19,2010,E10+,Role-Playing,Sony Online Entertainment,Sony Online Entertainment
281,3534,3534,0.375,3124,2181,Trapped Dead,July 15,2011,,Strategy,Meridian4,Headup Games,The Inner World,Sep 27,2013,,Adventure,Meridian4,Headup Games
282,3551,3551,0.375,2043,1056,Incoming,Jul 9,1998,T,Action,Interplay,Rage Software,Hostile Waters: Antaeus Rising,Jun 13,2001,M,Strategy,Interplay,Rage Software
283,3554,3554,0.375,560,1404,Assassin's Creed III,November 23,2012,M,Action,Ubisoft,Ubisoft Montreal,Watch Dogs,May 27,2014,M,Miscellaneous,Ubisoft,Ubisoft Montreal
284,3561,3561,0.375,16,1134,Fallout 3 -- Game of the Year Edition,October 13,2009,M,Action,Bethesda  Softworks,Bethesda Game Studios,Fallout 4: Far Harbor,May 19,2016,M,Role-Playing,Bethesda Softworks,Bethesda Game Studios
285,3573,3573,0.375,43,3709,Rayman Legends,September 3,2013,E10+,Platformer,Ubisoft,Ubisoft Montpellier,Rayman Raving Rabbids,Dec 11,2006,E,Action,Ubisoft,Ubisoft Bulgaria
286,3621,3621,0.375,1997,1927,SimCity,March 5,2013,E10+,Simulation,Electronic Arts,Maxis,The Sims 2: FreeTime,Feb 26,2008,T,Simulation,Electronic Arts,Maxis
287,3626,3626,0.375,275,22,Unreal,May 22,1998,M,Shooter,GT Interactive,Epic Games,Unreal Tournament 2004,Mar 16,2004,M,Action,Atari,Epic Games
288,3632,3632,0.375,386,52,StarCraft II: Legacy of the Void,November 10,2015,T,Strategy,Blizzard Entertainment,Blizzard Entertainment,World of Warcraft: Wrath of the Lich King,Nov 13,2008,T,Role-Playing,Blizzard Entertainment,Blizzard Entertainment
289,3644,3644,0.375,871,3208,The Sims 2: FreeTime,February 28,2008,T,Simulation,Electronic Arts,Maxis,SimCity,Mar  5,2013,E10+,Miscellaneous,Electronic Arts,Maxis
290,3654,3654,0.375,883,165,Rayman 3: Hoodlum Havoc,March 18,2003,E,Action,Ubisoft,Ubisoft,Rayman Legends,Sep  3,2013,E10+,Action,Ubisoft,Ubisoft Montpellier
291,3661,3661,0.375,1932,591,Doom,May 13,2016,M,Shooter,ZeniMax Media,Id Software,Doom II,Sep 30,1994,M,Action,GT Interactive,id Software
292,3674,3674,0.375,3263,197,Stormrise,March 24,2009,M,Strategy,SEGA,Creative Assembly,Medieval II: Total War,Nov 13,2006,T,Strategy,Sega,Creative Assembly
293,3710,3710,0.375,113,143,XCOM 2,February 5,2016,T,Strategy,2K Games,Firaxis,Borderlands 2,Sep 18,2012,M,Action,2K Games,Gearbox Software
294,3722,3722,0.3684210526315789,2004,1032,The Lord of the Rings: War in the North,November 1,2011,M,Action,Warner Bros.  Interactive,Snowblind Studios,LEGO The Lord of the Rings,Nov 13,2012,E10+,Action Adventure,Warner Bros. Interactive Entertainment,TT Games
295,3761,3761,0.3636363636363637,79,2667,Call of Duty: Black Ops II,November 13,2012,M,Shooter,Activision,Treyarch,Call of Duty: Ghosts,Nov  5,2013,M,Action,Activision,Infinity Ward
296,3780,3780,0.3636363636363637,1342,2568,F1 2001,October 3,2001,E,Racing,Electronic Arts,Electronic Arts,Harry Potter: Quidditch World Cup,Oct 28,2003,E,Sports,Electronic Arts,Electronic Arts
297,3782,3782,0.3636363636363637,2547,1225,Deadpool,June 25,2013,M,Action,Activision,High Moon Studios,Transformers: Fall of Cybertron,Aug 21,2012,T,Action,Activision,High Moon Studios Mercenary Technologies
298,3786,3786,0.3636363636363637,2796,2968,Final Fantasy XIV Online,September 22,2010,T,RPG,Square Enix,Square Enix,The Last Remnant,Mar 24,2009,M,Role-Playing,Square Enix,Square Enix
299,3787,3787,0.3636363636363637,190,1689,NHL '99,September ,1998,E,Sports,Electronic Arts,Electronic Arts,The Sims 2 Apartment Life,Aug 26,2008,T,Miscellaneous,Electronic Arts,Electronic Arts
300,3790,3790,0.3636363636363637,450,3044,NHL 2004,September 22,2003,E,Sports,Electronic Arts,Black Box,Need for Speed: Undercover,Nov 17,2008,T,Driving,Electronic Arts,EA Black Box
301,3803,3803,0.3636363636363637,451,671,Total War: Rome II,September 2,2013,RP-T+,Strategy,SEGA,Creative Assembly,Rome: Total War Barbarian Invasion,Sep 27,2005,T,Strategy,Sega,Creative Assembly
302,3874,3874,0.3636363636363637,1283,381,Aliens vs. Predator [1999],May 25,1999,M,Shooter,Fox Interactive,Rebellion,Aliens Versus Predator 2,Oct 31,2001,M,Action,Fox Interactive,Monolith Productions
303,3884,3884,0.3636363636363637,1342,1870,F1 2001,October 3,2001,E,Racing,Electronic Arts,Electronic Arts,Ultima Online: Age of Shadows,Feb  8,2003,T,Role-Playing,Electronic Arts,Electronic Arts
304,3895,3895,0.3636363636363637,2271,3974,Might and Magic IX,Mar 28,2002,T,RPG,3DO,New World Computing,Legends of Might and Magic,Jun 18,2001,T,Action,3DO,3DO
305,3899,3899,0.3636363636363637,438,259,Call of Duty: Ghosts,November 5,2013,M,Shooter,Activision,Infinity Ward,Call of Duty: United Offensive,Sep 14,2004,T,Action,Activision,Gray Matter
306,3917,3917,0.3636363636363637,867,234,Diablo II,Jun 30,2000,M,Action,Blizzard Entertainment,Blizzard Entertainment,Diablo II: Lord of Destruction,Jun 27,2001,M,Role-Playing,Blizzard Entertainment,Blizzard North
307,3918,3918,0.3636363636363637,38,234,Diablo III,May 15,2012,M,Action,Blizzard Entertainment,Blizzard Entertainment,Diablo II: Lord of Destruction,Jun 27,2001,M,Role-Playing,Blizzard Entertainment,Blizzard North
308,3919,3919,0.3636363636363637,388,324,Football Manager 2015,November 7,2014,,Sports,SEGA,Sports Interactive (SI Interactive),Worldwide Soccer Manager 2008,Oct 23,2007,E,Sports,Sega,Sports Interactive
309,3929,3929,0.3636363636363637,2380,1062,KickBeat,January 20,2014,T,Music,Zen Studios,Zen Studios,ZEN Pinball 2: The Walking Dead,Aug 26,2014,E10+,Action,Zen Studios,Zen Studios
310,3934,3934,0.3636363636363637,2198,3764,The Crystal Key,Mar 30,2000,E,Adventure,DreamCatcher Interactive,DreamCatcher Interactive,Mystery of the Nautilus,Apr 29,2002,T,Adventure,DreamCatcher Interactive,Cryo Interactive
311,3938,3938,0.3636363636363637,1168,1376,Men of War,March 17,2009,M,Strategy,Aspyr,Best Way,Soldiers: Heroes of World War II,Jun 30,2004,T,Strategy,Codemasters,Best Way
312,3946,3946,0.3636363636363637,1589,1927,The Sims 4,September 2,2014,T,Simulation,Electronic Arts,The Sims Studio,The Sims 2: FreeTime,Feb 26,2008,T,Simulation,Electronic Arts,Maxis
313,4009,4009,0.3636363636363637,1006,2209,The Sims: Makin' Magic,October 28,2003,T,Simulation,Electronic Arts,Maxis,The Sims 4: Get Together,Dec  8,2015,T,Simulation,Electronic Arts,Maxis
314,4032,4032,0.3636363636363637,714,1403,The Walking Dead: The Game -- Episode 2: Starved For Help,June 27,2012,M,Adventure,Telltale Games,Telltale Games,Game of Thrones: Episode Three - The Sword in the Darkness,Mar 24,2015,M,Action,Telltale Games,Telltale Games
315,4034,4034,0.3636363636363637,318,43,Sid Meier's Civilization V,September 21,2010,E10+,Strategy,2K Games,Firaxis,Sid Meier's Alpha Centauri,Feb 12,1999,E,Strategy,Electronic Arts,Firaxis Games
316,4036,4036,0.3636363636363637,511,2386,Europa Universalis: Rome,April 15,2008,E10+,Strategy,Paradox  Interactive,Paradox  Interactive,Achtung Panzer: Kharkov 1943,Feb 25,2010,,Strategy,Paradox Interactive,Paradox Interactive
317,4045,4045,0.3636363636363637,736,2924,Europa Universalis III,January 29,2007,E,Strategy,Paradox  Interactive,Paradox  Interactive,City Life 2008 Edition,Jul 29,2008,T,Strategy,Paradox Interactive,Paradox Interactive
318,4053,4053,0.3636363636363637,511,2034,Europa Universalis: Rome,April 15,2008,E10+,Strategy,Paradox  Interactive,Paradox  Interactive,Warlock 2: The Exiled,Apr 10,2014,,Strategy,Paradox Interactive,Paradox Interactive
319,4063,4063,0.3636363636363637,629,400,Shogun: Total War,Jun 14,2000,T,Strategy,Electronic Arts,Creative Assembly,Medieval II: Total War Kingdoms,Aug 28,2007,T,Strategy,Sega,Creative Assembly
320,4065,4065,0.3636363636363637,1505,2209,The Sims 2: Apartment Life,August 26,2008,T,Simulation,Electronic Arts,,The Sims 4: Get Together,Dec  8,2015,T,Simulation,Electronic Arts,Maxis
321,4073,4073,0.3636363636363637,388,132,Football Manager 2015,November 7,2014,,Sports,SEGA,Sports Interactive (SI Interactive),Worldwide Soccer Manager 2005,Dec  7,2004,E,Sports,Sega,Sports Interactive
322,4079,4079,0.3636363636363637,688,1735,Hitman: Episode 2,April 26,2016,M,Shooter,Square Enix,Io Interactive,Hitman - Intro Pack,Mar 11,2016,,Action Adventure,Square Enix,Io Interactive
323,4081,4081,0.3636363636363637,3049,3911,I of the Dragon,November 2,2004,M,Action,Strategy First,Primal Software,Battle of Europe,Mar 23,2006,E10+,Action,Strategy First,MAUS Software
324,4097,4097,0.3636363636363637,1352,284,Worldwide Soccer Manager 2009,November 18,2008,E,Sports,SEGA,Sports Interactive (SI Interactive),Football Manager 2013,Nov  1,2012,,Sports,Sega,Sports Interactive
325,4141,4141,0.3636363636363637,128,2667,Call of Duty: World at War,November 11,2008,M,Shooter,Activision,Treyarch,Call of Duty: Ghosts,Nov  5,2013,M,Action,Activision,Infinity Ward
326,4143,4143,0.3636363636363637,3054,1940,Tiny Brains,December 11,2013,E10+,Puzzle,Spearhead Games,Spearhead Games,Stories: The Path of Destinies,Apr 12,2016,,Role-Playing,Spearhead Games,Spearhead Games
327,4153,4153,0.3636363636363637,1517,2666,Tom Clancy's Rainbow Six: Vegas 2,April 15,2008,M,Shooter,Ubisoft,Ubisoft Montreal,Tom Clancy's EndWar,Feb 24,2009,T,Strategy,Ubisoft,Ubisoft Shanghai
328,4170,4170,0.3636363636363637,595,259,Call of Duty: Black Ops,November 9,2010,M,Shooter,Activision,Treyarch,Call of Duty: United Offensive,Sep 14,2004,T,Action,Activision,Gray Matter
329,4177,4177,0.3636363636363637,394,1833,Fallout 2,Oct 30,1998,M,RPG,Interplay,Black Isle Studios,Icewind Dale: Heart of Winter,Feb 19,2001,T,Role-Playing,Interplay,Black Isle Studios
330,4220,4220,0.3636363636363637,2722,107,Silent Hunter V: Battle Of The Atlantic,March 2,2010,T,Simulation,Ubisoft,Ubisoft Romania,Silent Hunter III,Mar 15,2005,T,Simulation,Ubisoft,Ubisoft
331,4232,4232,0.3636363636363637,2891,3503,Abomination: The Nemesis Project,Nov 8,1999,M,Strategy,Eidos Interactive,Hothouse Creations,Gangsters 2: Vendetta,Jun  5,2001,T,Strategy,Eidos Interactive,Hothouse Creations
332,4242,4242,0.3636363636363637,75,2576,Tony Hawk's Pro Skater 3,Mar 28,2002,T,Sports,Activision,Neversoft Entertainment,Tony Hawk's American Wasteland,Feb  1,2006,T,Sports,Aspyr,Neversoft Entertainment
333,4299,4299,0.3636363636363637,41,2725,Fallout 4,November 10,2015,M,RPG,Bethesda  Softworks,Bethesda Game Studios,Fallout 3: Mothership Zeta,Aug  3,2009,M,Role-Playing,Bethesda Softworks,Bethesda Softworks
334,4304,4304,0.3636363636363637,919,339,Dead Space 3: Awakened,March 12,2013,M,Action,Electronic Arts,Visceral Games,Dead Space,Oct 20,2008,M,Action,Electronic Arts,EA Redwood Shores
335,4316,4316,0.3636363636363637,326,2154,Bastion,August 16,2011,E10+,Action,Warner Bros.  Interactive,Supergiant Games,LEGO Jurassic World,Jun 11,2015,E10+,Action Adventure,Warner Bros. Interactive Entertainment,TT Games
336,4331,4331,0.3636363636363637,1612,1785,The Walking Dead: The Game -- Episode 4: Around Every Corner,October 10,2012,M,Adventure,Telltale Games,Telltale Games,Back to the Future: The Game - Episode II: Get Tannen!,Feb 17,2011,RP,Action Adventure,Telltale Games,Telltale Games
337,4335,4335,0.3636363636363637,1852,1790,The Sims Online,Dec 17,2002,T,Simulation,Electronic Arts,Maxis,The Sims 3: Ambitions,Jun  1,2010,T,Simulation,Electronic Arts,EA Redwood Shores
338,4375,4375,0.3636363636363637,22,1988,The Sims,Feb 4,2000,T,Simulation,Electronic Arts,Maxis,The Sims 3: Island Paradise,Jun 25,2013,T,Simulation,Electronic Arts,The Sims Studio
339,4396,4396,0.3636363636363637,208,324,Football Manager 2012,October 20,2011,E,Sports,SEGA,Sports Interactive (SI Interactive),Worldwide Soccer Manager 2008,Oct 23,2007,E,Sports,Sega,Sports Interactive
340,4492,4492,0.35714285714285715,362,621,The Sims 2: Seasons,March 1,2007,T,Simulation,Electronic Arts,EA Redwood Shores Studio,Spore Creature Creator,Jun 17,2008,E,Strategy,Electronic Arts,Maxis EA Redwood Shores
341,4504,4504,0.35714285714285715,683,3613,Tom Clancy's Splinter Cell: Conviction,April 27,2010,M,Action,Ubisoft,Ubisoft Montreal,Tom Clancy's Rainbow Six: Lockdown,Feb 16,2006,M,Action,Ubisoft,Red Storm Entertainment Ubisoft Montreal
342,4519,4519,0.35714285714285715,977,2913,Age of Empires II: The Conquerors,Aug 25,2000,T,Strategy,Microsoft,Ensemble Studios,Age of Mythology: Extended Edition,May  8,2014,,Strategy,Microsoft Game Studios,Ensemble Studios
343,4553,4553,0.35714285714285715,50,919,The Elder Scrolls III: Morrowind,May 7,2002,T,RPG,Bethesda  Softworks,Bethesda  Softworks,The Elder Scrolls Online: Tamriel Unlimited,Mar 17,2015,M,Role-Playing,Bethesda Softworks,ZeniMax Media
344,4558,4558,0.35714285714285715,99,271,Warcraft III: Reign of Chaos,July 3,2002,T,Strategy,Blizzard Entertainment,Blizzard Entertainment,World of Warcraft: Warlords of Draenor,Nov 13,2014,T,Role-Playing,Blizzard Entertainment,Blizzard Entertainment
345,4600,4600,0.35714285714285715,362,1837,The Sims 2: Seasons,March 1,2007,T,Simulation,Electronic Arts,EA Redwood Shores Studio,The Sims 3 Supernatural,Sep  4,2012,T,Simulation,Electronic Arts,The Sims Studio
346,4642,4642,0.35294117647058826,1496,3930,Game of Thrones: Episode 3 -- The Sword in the Darkness,March 24,2015,M,Adventure,Telltale Games,Telltale Games,Jurassic Park: The Game,Nov 15,2011,T,Adventure,Telltale Games,Telltale Games
347,4645,4645,0.35294117647058826,1646,710,Borderlands 2: Captain Scarlett and her Pirate's Booty,October 16,2012,M,Shooter,2K Games,Gearbox Software,Borderlands 2: Mr. Torgue's Campaign of Carnage,Nov 20,2012,M,Action,2K Games,Gearbox Software
348,4652,4652,0.35294117647058826,2515,311,Starcraft II: Nova Covert Ops -- Mission Pack 1,March 29,2016[MissionPack1launch],,Strategy,Blizzard Entertainment,Blizzard Entertainment,Starcraft II: Heart of the Swarm,Mar 12,2013,T,Strategy,Blizzard Entertainment,Blizzard Entertainment
349,4698,4698,0.35,87,1660,The Walking Dead -- Game of the Year Edition,November 19,2013,M,Adventure,Telltale Games,Telltale Games,Back to the Future: The Game - Episode V: OUTATIME,Jun 23,2011,RP,Action Adventure,Telltale Games,Telltale Games
350,4708,4708,0.35,1297,1942,The Walking Dead: A Telltale Game Series -- Season Two,December 17,2013[Episode1Launch],M,Adventure,Telltale Games,Telltale Games,Game of Thrones: Episode Two - The Lost Lords,Feb  3,2015,M,Action,Telltale Games,Telltale Games
351,4711,4711,0.35,1952,2043,Game of Thrones: Episode 2 -- The Lost Lords,February 3,2015,M,Adventure,Telltale Games,Telltale Games,Batman: The Telltale Series - Episode 2: Children of Arkham,Sep 20,2016,,Adventure,Telltale Games,Telltale Games
352,4719,4719,0.35,593,453,The Wolf Among Us: Episode 2 -- Smoke and Mirrors,February 5,2014,M,Adventure,Telltale Games,Telltale Games,The Walking Dead: Episode 2 - Starved for Help,Jun 29,2012,M,Miscellaneous,Telltale Games,Telltale Games
353,4750,4750,0.3478260869565217,1612,1782,The Walking Dead: The Game -- Episode 4: Around Every Corner,October 10,2012,M,Adventure,Telltale Games,Telltale Games,Back to the Future: The Game - Episode I: It's About Time,Dec 22,2010,,Action Adventure,Telltale Games,Telltale Games
354,4754,4754,0.3478260869565217,1881,1611,Sam & Max: The Devil's Playhouse -- Episode 1: The Penal Zone,April 15,2010,E10+,Adventure,Telltale Games,Telltale Games,Wallace & Gromit's Grand Adventures Episode 1: Fright of the Bumblebees,Mar 23,2009,,Miscellaneous,Telltale Games,Telltale Games
355,4761,4761,0.3333333333333333,1662,476,Pro Race Driver,April 3,2003,T,Racing,Codemasters,Codemasters,DiRT,Jun 19,2007,E,Driving,Codemasters,Codemasters
356,4770,4770,0.3333333333333333,1667,1764,Majestic,May ,2001,T,Adventure,Electronic Arts,Anim-X,Warp,Mar 13,2012,M,Action,Electronic Arts,Trapdoor
357,4807,4807,0.3333333333333333,1723,1640,Need for Speed: High Stakes,Jun 20,1999,E,Racing,Electronic Arts,Electronic Arts,FIFA Manager 11,Nov  3,2010,E,Sports,Electronic Arts,Electronic Arts
358,4815,4815,0.3333333333333333,1715,2437,Tom Clancy's Ghost Recon Phantoms,August 15,2012,RP-M+,Shooter,Ubisoft,,Tom Clancy's HAWX,Mar 17,2009,T,Action,Ubisoft,Ubisoft Romania
359,4817,4817,0.3333333333333333,1881,718,Sam & Max: The Devil's Playhouse -- Episode 1: The Penal Zone,April 15,2010,E10+,Adventure,Telltale Games,Telltale Games,Sam & Max Episode 201: Ice Station Santa,Nov  8,2007,T,Adventure,Telltale Games,Telltale Games
360,4833,4833,0.3333333333333333,2070,2440,Commander -- Napoleon at War,September 29,2008,RP,Strategy,Matrix Games,Slitherine Software,Gates of Troy,Dec  8,2004,,Strategy,Matrix Games,Slitherine Software
361,4836,4836,0.3333333333333333,1820,2927,Saints Row IV,August 20,2013,M,Action,Deep Silver,Volition,Saints Row: Gat Out of Hell,Jan 20,2015,M,Action Adventure,Deep Silver,Volition Inc.
362,4842,4842,0.3333333333333333,1784,1837,The Sims 2: Pets,October 17,2006,T,Simulation,Electronic Arts,Maxis,The Sims 3 Supernatural,Sep  4,2012,T,Simulation,Electronic Arts,The Sims Studio
363,4845,4845,0.3333333333333333,1683,1001,Warhammer 40000: Space Marine,September 6,2011,M,Shooter,THQ,Relic,Warhammer 40000: Dawn of War II - Retribution,Mar  1,2011,M,Strategy,THQ,Relic
364,4851,4851,0.3333333333333333,1867,3321,Anarchy Online,Jun 27,2001,T,RPG,Funcom,Funcom,No Escape,Nov 30,2000,T,Action,Funcom,Funcom
365,4889,4889,0.3333333333333333,1888,3125,Sword of the Stars: Born of Blood,June 26,2007,E10+,Strategy,Destineer,Kerberos Productions,Sword of the Stars II: Lords of Winter (Enhanced Edition),Nov 30,2012,T,Strategy,Paradox Interactive,Kerberos Productions
366,4913,4913,0.3333333333333333,1875,3367,Diggles: The Myth of Fenris,Mar 11,2002,T,Strategy,Strategy First,Innonics,Diggles,Mar 20,2002,T,Strategy,Strategy First,Innonics
367,4923,4923,0.3333333333333333,2008,65,Star Wars Battlefront II,October 31,2005,T,Shooter,LucasArts,Pandemic Studios,Star Wars Jedi Knight: Dark Forces II,Sep 30,1997,,Action,LucasArts,LucasArts
368,4927,4927,0.3333333333333333,1803,984,The Sims: Life Stories,February 6,2007,T,Simulation,Electronic Arts,Maxis,The Sims 3: Into the Future,Oct 22,2013,T,Simulation,Electronic Arts,Maxis
369,4962,4962,0.3333333333333333,2716,1992,Flashback,October 1,2013,T,Action,Ubisoft,Ubisoft,Bloody Good Time,Oct 29,2010,T,Action,Ubisoft,Ubisoft
370,4969,4969,0.3333333333333333,1924,123,Age of Wonders III,March 31,2014,T,Strategy,Triumph Studios,Triumph Studios,Age of Mythology,Nov  1,2002,T,Strategy,Microsoft Game Studios,Ensemble Studios
371,4994,4994,0.3333333333333333,2228,233,Shadowrun,May 29,2007,M,Shooter,Microsoft,FASA Studio,MechWarrior 4: Vengeance,Nov 23,2000,T,Simulation,Microsoft Game Studios,FASA Studio
372,5039,5039,0.3333333333333333,3257,373,Skydive!,Jul 28,1999,,Sports,Electronic Arts,Gonzo Games,Clive Barker's Undying,Feb 21,2001,M,Action,Electronic Arts,Dreamworks Games
373,5053,5053,0.3333333333333333,2386,2421,Cities: Skylines -- After Dark,September 24,2015,,Simulation,Paradox  Interactive,Colossal Order,Cities in Motion,Feb 22,2011,E,Simulation,Paradox Interactive,Colossal Order
374,5071,5071,0.3333333333333333,1952,2369,Game of Thrones: Episode 2 -- The Lost Lords,February 3,2015,M,Adventure,Telltale Games,Telltale Games,Minecraft: Story Mode - Episode 1: The Order of the Stone,Oct 13,2015,E10+,Action Adventure,Telltale Games,Telltale Games
375,5072,5072,0.3333333333333333,1931,366,Wallace & Gromit's Grand Adventures Episode 3: Muzzled!,June 15,2009,E,Adventure,Telltale Games,Telltale Games,Sam & Max Episode 205: What's New Beelzebub?,Apr 10,2008,T,Adventure,Telltale Games,Telltale Games
376,5135,5135,0.3333333333333333,2026,2952,Wallace & Gromit's Grand Adventures Episode 2: The Last Resort,May 5,2009,E,Adventure,Telltale Games,Telltale Games,The Walking Dead: Michonne - Episode 2: Give No Shelter,Mar 29,2016,,Adventure,Telltale Games,Telltale Games
377,5137,5137,0.3333333333333333,2210,2997,The Last Remnant,March 24,2009,M,RPG,Square Enix,Square Enix,Lightning Returns: Final Fantasy XIII,Dec 10,2015,T,General,Square Enix,Square Enix
378,5150,5150,0.3333333333333333,2321,2581,The Humans,May 8,2009,E,Platformer,Deep Silver,,nail'd,Nov 30,2010,E10+,Driving,Deep Silver,Techland
379,5152,5152,0.3333333333333333,3106,1304,Medal of Honor Warfighter,October 23,2012,M,Shooter,Electronic Arts,Danger Close,Medal of Honor: Airborne,Sep  4,2007,T,Action,Electronic Arts,Electronic Arts
380,5161,5161,0.3333333333333333,2693,2886,SimCity Societies,November 13,2007,E10+,Simulation,Electronic Arts,Tilted Mill Entertainment,Shank,Oct 25,2010,M,Action,Electronic Arts,Klei Entertainment
381,5176,5176,0.3333333333333333,1994,719,Resonance,July 25,2012,,Adventure,Wadjet Eye Games,Wadjet Eye Games,Technobabylon,May 21,2015,,Adventure,Wadjet Eye Games,Technocrat
382,5192,5192,0.3333333333333333,2989,2002,The Technomancer,June 28,2016,M,RPG,Focus Home Interactive,Spiders,Sherlock Holmes vs. Jack the Ripper,May 26,2009,T,Adventure,Focus Home Interactive,Frogwares
383,5194,5194,0.3333333333333333,2265,1521,Primordia,December 5,2012,,Adventure,Wadjet Eye Games,Wormwood Studios,Resonance,Jun 19,2012,,Adventure,Wadjet Eye Games,xii games
384,5227,5227,0.3333333333333333,2635,370,TMNT,March 20,2007,E10+,Action,Ubisoft,Ubisoft Montreal,Tom Clancy's Rainbow Six: Vegas,Dec 12,2006,M,Action,Ubisoft,Ubisoft Montreal
385,5231,5231,0.3333333333333333,2635,3770,TMNT,March 20,2007,E10+,Action,Ubisoft,Ubisoft Montreal,Batman: Vengeance,Oct  8,2002,T,Action Adventure,Ubisoft,Ubisoft
386,5237,5237,0.3333333333333333,2069,1751,The Walking Dead: Michonne -- Episode 1: In Too Deep,February 23,2016,M,Adventure,Telltale Games,Telltale Games,The Wolf Among Us: Episode 4 - In Sheep's Clothing,May 27,2014,M,Action Adventure,Telltale Games,Telltale Games
387,5249,5249,0.3333333333333333,2767,2431,The Sims Medieval: Pirates and Nobles,August 30,2011,T,Simulation,Electronic Arts,The Sims Studio,The Sims 3: Generations,May 31,2011,T,Simulation,EA Games,The Sims Studio
388,5270,5270,0.3333333333333333,1997,2919,SimCity,March 5,2013,E10+,Simulation,Electronic Arts,Maxis,The Sims 4: Outdoor Retreat,Jan 13,2015,T,Simulation,Electronic Arts,Maxis
389,5287,5287,0.3333333333333333,2069,1049,The Walking Dead: Michonne -- Episode 1: In Too Deep,February 23,2016,M,Adventure,Telltale Games,Telltale Games,The Walking Dead: Season Two - A Telltale Games Series,Dec 17,2013,M,Action,Telltale Games,Telltale Games
390,5302,5302,0.3333333333333333,2649,3108,Create,November 16,2010,E,Adventure,Electronic Arts,EA Bright Light,NHL 08,Sep 11,2007,E10+,Sports,Electronic Arts,EA Canada
391,5359,5359,0.3333333333333333,2383,2484,Back to the Future: The Game -- Episode 4: Double Visions,April 29,2011,T,Adventure,Telltale Games,Telltale Games,Game of Thrones: Episode Six - The Ice Dragon,Nov 17,2015,,Action,Telltale Games,Telltale Games
392,5383,5383,0.3333333333333333,2576,1904,Battlefield Play4Free,March 10,2011,,Shooter,Electronic Arts,DICE  (Digital Illusions CE),Battlefield 4: Naval Strike,Apr 15,2014,M,Action,Electronic Arts,EA DICE
393,5394,5394,0.3333333333333333,2683,1052,Bone: Out From Boneville,September 15,2005,,Adventure,Telltale Games,Telltale Games,The Wolf Among Us,Oct 11,2013,M,Action Adventure,Telltale Games,Telltale Games
394,5410,5410,0.3333333333333333,2911,1592,Need for Speed Undercover,November 17,2008,T,Racing,Electronic Arts,Black Box,Need for Speed: Rivals,Nov 19,2013,E10+,Driving,Electronic Arts,Ghost Games
395,5445,5445,0.3333333333333333,3020,2048,Dungeonland,January 29,2013,,Action,Paradox  Interactive,Critical Studio,Crusader Kings,Sep 28,2004,E,Strategy,Paradox Interactive,Paradox Development Studio
396,5466,5466,0.3333333333333333,2752,743,Lost: Via Domus,February 26,2008,T,Adventure,Ubisoft,Ubisoft Montreal,Prince of Persia,Dec  9,2008,T,Action Adventure,Ubisoft,Ubisoft Montreal
397,5471,5471,0.3333333333333333,3154,1909,Catwoman,July 20,2004,T,Action,Electronic Arts,EA UK,Mirror's Edge Catalyst,Jun  7,2016,T,Action,Electronic Arts,EA DICE
398,5479,5479,0.3333333333333333,2901,3142,Triple Play '99,May 30,1998,E,Sports,Electronic Arts,Electronic Arts,Ultima Online: Lord Blackthorn's Revenge,Feb 24,2002,T,Role-Playing,Electronic Arts,Electronic Arts
399,5484,5484,0.3333333333333333,2877,1741,Odyssey: The Search for Ulysses,Nov 16,2000,E,Adventure,DreamCatcher Interactive,Cryo Interactive,Beyond Atlantis II,Oct 24,2001,T,Adventure,DreamCatcher Interactive,Cryo Interactive
